4189;4190;doc2016;2014-05-24 20:04:51
4189;4197;docNULL;2014-05-24 20:15:40
4189;9284;docNULL;2014-06-04 14:25:42
1302;1303;doc2016;2014-05-20 00:13:38
1302;4093;docNULL;2014-05-24 16:33:31
1302;8141;doc2563;2014-06-01 13:35:38
1302;8214;doc15704;2014-06-01 16:37:24
1302;8230;docNULL;2014-06-01 17:06:50
1302;8542;docNULL;2014-06-02 12:34:26
1302;10588;docNULL;2014-06-09 15:57:58
1263;1264;doc2016;2014-05-19 22:27:17
1102;1103;doc2016;2014-05-19 16:54:18
1102;1108;docNULL;2014-05-19 17:07:24
1102;2649;docNULL;2014-05-22 14:38:36
1102;4666;doc2563;2014-05-25 19:28:14
1102;7361;doc15704;2014-05-30 13:33:02
6696;6697;doc2016;2014-05-28 20:45:10
6696;6701;docNULL;2014-05-28 20:56:33
6696;9558;docNULL;2014-06-05 18:55:50
1267;1437;docNULL;2014-05-20 13:41:05
1267;2967;docNULL;2014-05-22 23:19:48
1267;6900;doc2563;2014-05-29 14:24:19
1267;6973;doc15704;2014-05-29 16:57:15
1267;7593;docNULL;2014-05-30 21:50:01
1267;9587;doc49187;2014-06-05 20:27:32
1267;10125;docNULL;2014-06-07 18:19:08
1267;11342;doc14;2014-06-12 14:22:08
1267;11359;doc14;2014-06-12 14:52:19
1267;11501;doc14;2014-06-12 21:21:38
1267;12508;webcollagerestNULL;2014-06-18 20:44:11
1267;12693;doc14;2014-06-19 19:49:14
1267;12854;doc14;2014-06-20 23:16:21
1267;12861;doc14;2014-06-20 23:58:22
2223;2224;doc2016;2014-05-21 20:06:54
2223;2234;docNULL;2014-05-21 20:15:32
2223;4737;docNULL;2014-05-25 21:23:51
2223;8330;doc2563;2014-06-01 19:57:41
2223;8685;doc15704;2014-06-02 20:21:30
2223;8708;docNULL;2014-06-02 21:06:21
3048;3049;doc2016;2014-05-23 06:52:40
3048;3253;docNULL;2014-05-23 12:40:34
3048;3491;docNULL;2014-05-23 17:41:04
3048;4878;doc2563;2014-05-26 07:13:37
3048;5973;doc15704;2014-05-27 19:20:44
3048;6993;docNULL;2014-05-29 17:39:27
3048;7763;docNULL;2014-05-31 12:10:52
9123;9124;doc2016;2014-06-03 23:17:19
4574;4575;doc2016;2014-05-25 16:57:12
4574;4581;doc2016;2014-05-25 17:05:17
4574;4602;docNULL;2014-05-25 17:51:25
3573;3574;doc2016;2014-05-23 20:05:39
3573;4013;docNULL;2014-05-24 12:33:09
3573;7351;doc2563;2014-05-30 13:10:11
3573;7369;doc15704;2014-05-30 14:17:11
3573;7397;docNULL;2014-05-30 16:11:33
3286;3287;doc2016;2014-05-23 13:12:03
3286;3297;docNULL;2014-05-23 13:22:47
4577;4578;doc2016;2014-05-25 16:57:20
4225;4226;doc2016;2014-05-24 21:32:28
3042;3043;doc2016;2014-05-23 06:22:29
3042;3051;docNULL;2014-05-23 06:53:05
3042;7019;docNULL;2014-05-29 18:19:04
3042;7982;doc15704;2014-05-31 23:00:54
3042;10027;doc2563;2014-06-07 10:49:11
3042;10142;doc15704;2014-06-07 19:38:33
3042;10234;docNULL;2014-06-08 07:33:47
3042;12427;docNULL;2014-06-18 09:31:56
3042;12782;docNULL;2014-06-20 10:26:03
5154;5155;doc2016;2014-05-26 15:12:19
5154;5157;docNULL;2014-05-26 15:14:10
1544;1545;doc2016;2014-05-20 17:16:37
1544;1770;docNULL;2014-05-20 22:31:58
1544;1788;doc14;2014-05-20 22:44:28
1831;1832;doc2016;2014-05-20 23:28:54
5593;5600;docNULL;2014-05-27 01:32:59
5593;6168;docNULL;2014-05-27 22:22:37
5593;6231;doc2563;2014-05-27 22:59:40
5593;6528;doc15704;2014-05-28 16:17:14
5593;6532;docNULL;2014-05-28 16:26:44
5593;7879;docNULL;2014-05-31 18:27:09
5593;8635;doc49187;2014-06-02 18:37:15
5593;10469;docNULL;2014-06-08 23:51:44
5593;11040;docNULL;2014-06-11 18:30:02
5593;11078;docNULL;2014-06-11 20:26:34
1834;1835;doc2016;2014-05-20 23:33:27
1834;1842;docNULL;2014-05-20 23:53:48
1834;1862;docNULL;2014-05-21 00:35:22
1834;5093;doc2563;2014-05-26 13:56:45
1834;5604;doc2563;2014-05-27 07:41:06
1834;5613;doc2563;2014-05-27 08:06:54
1834;6719;doc2563;2014-05-28 21:08:56
1834;8861;doc15704;2014-06-03 16:49:44
1834;9265;docNULL;2014-06-04 12:23:07
1834;11287;doc49187;2014-06-12 11:08:39
1834;11711;docNULL;2014-06-13 21:55:24
1834;12232;webcollagerestNULL;2014-06-16 12:34:50
7479;7480;doc2016;2014-05-30 19:27:43
7479;7493;docNULL;2014-05-30 19:44:19
7479;13087;doc4726;2014-06-25 10:23:02
1076;1077;doc2016;2014-05-19 16:07:29
1076;1495;docNULL;2014-05-20 15:56:50
1076;2003;docNULL;2014-05-21 14:43:26
5625;5626;doc2016;2014-05-27 08:47:49
5625;5636;imageNULL;2014-05-27 09:02:57
5625;5650;imageNULL;2014-05-27 09:19:42
5625;5686;docNULL;2014-05-27 10:20:32
5625;5781;docNULL;2014-05-27 15:32:49
5625;6005;doc2563;2014-05-27 19:50:54
5625;6732;doc2563;2014-05-28 21:22:32
5625;6870;doc15704;2014-05-29 12:08:59
5625;6949;docNULL;2014-05-29 16:35:37
5625;8599;doc49187;2014-06-02 15:59:27
5625;8933;docNULL;2014-06-03 19:09:15
5625;10193;imageNULL;2014-06-07 23:01:27
5625;10212;imageNULL;2014-06-07 23:14:42
5625;11268;docNULL;2014-06-12 09:23:24
1941;1944;docNULL;2014-05-21 12:11:19
1941;2595;docNULL;2014-05-22 11:47:46
1941;5700;doc2563;2014-05-27 10:47:58
1941;7442;doc15704;2014-05-30 18:16:20
1941;8055;docNULL;2014-06-01 10:09:15
1941;10069;docNULL;2014-06-07 12:31:31
1941;10072;doc49187;2014-06-07 12:32:14
1941;10703;docNULL;2014-06-09 21:38:56
1941;12895;doc8412;2014-06-21 12:23:12
9281;9282;doc2016;2014-06-04 14:15:30
7739;7740;doc2016;2014-05-31 10:43:34
7739;8090;docNULL;2014-06-01 11:46:37
7739;9394;docNULL;2014-06-04 20:50:34
7739;9879;doc2563;2014-06-06 17:59:31
3256;3257;doc2016;2014-05-23 12:42:41
3256;3259;docNULL;2014-05-23 12:45:01
3256;3897;docNULL;2014-05-24 06:58:29
3256;6038;doc2563;2014-05-27 20:21:32
3256;7840;doc15704;2014-05-31 17:29:18
3256;7860;docNULL;2014-05-31 17:57:58
3256;8023;docNULL;2014-06-01 07:26:08
3256;9994;doc49187;2014-06-07 08:30:34
1549;1550;doc2016;2014-05-20 17:31:20
1549;1552;docNULL;2014-05-20 17:33:03
2855;2856;doc2016;2014-05-22 21:54:33
2855;2862;doc14;2014-05-22 21:59:50
2855;6154;doc2563;2014-05-27 22:16:55
1370;1371;doc2016;2014-05-20 11:47:42
1370;1385;docNULL;2014-05-20 12:07:27
1370;5564;doc2563;2014-05-26 23:56:00
1370;7193;doc15704;2014-05-30 00:19:26
1370;7206;docNULL;2014-05-30 00:40:36
1370;11734;doc49187;2014-06-14 00:14:09
1370;11753;docNULL;2014-06-14 00:59:55
1370;12397;doc14;2014-06-17 23:29:16
1370;12545;doc14;2014-06-18 22:59:31
1370;12574;doc14;2014-06-19 00:14:12
1370;12746;doc8412;2014-06-20 00:01:51
1373;1374;doc2016;2014-05-20 11:47:43
1373;1388;docNULL;2014-05-20 12:07:35
1373;5570;doc2563;2014-05-26 23:56:18
1373;7189;doc15704;2014-05-30 00:19:02
1373;7203;docNULL;2014-05-30 00:40:27
1373;11729;doc49187;2014-06-14 00:08:59
1373;11750;docNULL;2014-06-14 00:58:13
1373;12402;cldNULL;2014-06-17 23:34:27
1373;12409;doc14;2014-06-17 23:38:56
1373;12552;doc14;2014-06-18 23:01:35
1373;12570;doc14;2014-06-19 00:12:34
1373;12742;doc8412;2014-06-20 00:00:26
10836;10837;doc2016;2014-06-10 19:10:46
13000;13001;doc2016;2014-06-22 21:53:34
13483;13484;doc2016;2014-09-26 16:54:16
1376;1377;doc2016;2014-05-20 11:57:42
1376;1379;docNULL;2014-05-20 12:01:00
1376;1394;docNULL;2014-05-20 12:14:28
1675;1676;doc2016;2014-05-20 20:12:15
1675;1716;docNULL;2014-05-20 21:29:41
1675;3632;docNULL;2014-05-23 20:58:13
1675;5484;doc2563;2014-05-26 23:17:33
1675;7499;doc15704;2014-05-30 19:58:05
1675;7562;docNULL;2014-05-30 21:33:54
1675;9463;doc49187;2014-06-04 22:57:57
1675;10005;docNULL;2014-06-07 09:30:32
1675;12388;docNULL;2014-06-17 22:28:01
1467;1468;doc2016;2014-05-20 15:16:48
1467;3717;docNULL;2014-05-23 22:25:36
1467;3755;docNULL;2014-05-23 23:04:03
1467;6471;doc2563;2014-05-28 13:35:35
1467;9205;doc2563;2014-06-04 08:28:54
1467;10791;doc15704;2014-06-10 15:50:20
1467;12256;docNULL;2014-06-16 15:34:30
1467;12260;docNULL;2014-06-16 15:35:13
4375;4376;doc2016;2014-05-25 09:45:07
4375;4379;docNULL;2014-05-25 09:51:07
4375;4397;docNULL;2014-05-25 10:12:53
4375;4430;docNULL;2014-05-25 10:54:25
4375;7991;doc2563;2014-05-31 23:15:01
4375;8191;doc15704;2014-06-01 15:52:11
4375;8210;docNULL;2014-06-01 16:34:54
4375;8473;docNULL;2014-06-02 06:49:50
4375;11537;doc49187;2014-06-13 11:25:21
4375;11544;docNULL;2014-06-13 12:53:00
4375;11605;docNULL;2014-06-13 16:08:38
2240;2241;doc2016;2014-05-21 20:17:01
1671;1680;docNULL;2014-05-20 20:24:01
1671;3616;docNULL;2014-05-23 20:45:41
1671;4688;doc2563;2014-05-25 20:05:49
1671;7511;doc15704;2014-05-30 20:22:45
13487;13488;doc2016;2014-09-30 17:22:09
3990;3991;doc2016;2014-05-24 12:06:41
3990;3994;docNULL;2014-05-24 12:09:44
3990;4007;docNULL;2014-05-24 12:27:33
1317;1318;doc2016;2014-05-20 00:38:04
1317;2205;docNULL;2014-05-21 19:28:56
1317;7096;doc2563;2014-05-29 20:44:24
1095;1850;docNULL;2014-05-21 00:14:03
1095;2416;docNULL;2014-05-21 23:06:08
1095;2978;doc2563;2014-05-22 23:28:11
1095;2983;doc15704;2014-05-22 23:36:13
1095;5455;doc2563;2014-05-26 22:54:05
1095;5870;docNULL;2014-05-27 16:56:32
5066;5067;doc2016;2014-05-26 13:11:36
5066;5069;docNULL;2014-05-26 13:17:04
5066;6788;docNULL;2014-05-28 22:43:40
5066;7678;doc2563;2014-05-31 00:37:43
5066;8783;doc15704;2014-06-02 23:37:05
5066;8793;docNULL;2014-06-02 23:48:54
5066;8952;doc49187;2014-06-03 19:27:11
5066;10532;doc49187;2014-06-09 11:51:09
5066;11265;docNULL;2014-06-12 09:21:43
5066;11314;doc49187;2014-06-12 11:21:29
5066;13171;doc8412;2014-06-29 11:23:11
5066;13430;doc14;2014-07-22 18:47:41
5066;13441;docNULL;2014-07-26 12:31:23
1314;1315;doc2016;2014-05-20 00:36:35
1314;1795;docNULL;2014-05-20 22:51:33
1314;1869;docNULL;2014-05-21 01:00:20
2460;2461;doc2016;2014-05-21 23:50:33
2460;2546;docNULL;2014-05-22 01:26:04
2460;4316;docNULL;2014-05-25 00:12:35
1158;1159;doc2016;2014-05-19 18:07:33
1158;1167;docNULL;2014-05-19 18:16:00
1158;3506;docNULL;2014-05-23 18:05:14
1158;8457;doc2563;2014-06-01 23:23:34
1158;8463;doc2563;2014-06-01 23:39:56
1158;10536;doc15704;2014-06-09 11:53:04
1158;10566;docNULL;2014-06-09 13:27:54
1158;10652;docNULL;2014-06-09 19:04:20
1158;10667;doc49187;2014-06-09 20:08:58
993;994;doc2016;2014-05-14 12:14:14
993;13684;doc49187;2016-10-31 09:34:50
993;13688;doc49187;2016-11-12 12:36:32
13602;13603;doc2016;2015-10-17 12:46:43
2918;2919;doc2016;2014-05-22 22:40:51
2918;2921;docNULL;2014-05-22 22:43:38
2918;7603;docNULL;2014-05-30 22:02:29
2918;7643;doc2563;2014-05-30 23:04:14
2918;7661;doc15704;2014-05-30 23:27:12
2918;8149;docNULL;2014-06-01 14:03:26
1792;1793;doc2016;2014-05-20 22:51:10
1792;2383;docNULL;2014-05-21 22:41:28
1792;2608;docNULL;2014-05-22 13:27:17
1792;2626;docNULL;2014-05-22 13:50:23
1792;7951;doc2563;2014-05-31 22:06:53
1792;7978;doc15704;2014-05-31 23:00:27
1792;8573;docNULL;2014-06-02 15:02:49
1792;8821;docNULL;2014-06-03 14:33:44
1792;10052;doc14;2014-06-07 11:46:25
1792;10585;doc49187;2014-06-09 15:53:36
1792;10903;docNULL;2014-06-10 22:46:45
1792;11576;doc14;2014-06-13 14:52:10
1792;12902;doc14;2014-06-21 12:43:13
13471;13472;doc2016;2014-09-14 14:43:26
1151;1152;doc2016;2014-05-19 17:58:50
1151;2815;docNULL;2014-05-22 21:16:24
1151;3449;docNULL;2014-05-23 16:35:59
1151;7816;doc2563;2014-05-31 16:11:31
1151;7837;doc2563;2014-05-31 17:28:20
1151;7887;doc15704;2014-05-31 18:39:16
1151;7901;doc15704;2014-05-31 19:44:28
1151;7905;docNULL;2014-05-31 20:09:24
1151;7908;docNULL;2014-05-31 20:10:56
1151;7918;docNULL;2014-05-31 20:44:50
1151;10398;doc49187;2014-06-08 19:59:13
1151;10441;doc49187;2014-06-08 21:20:15
1151;10864;docNULL;2014-06-10 21:16:56
1151;10868;docNULL;2014-06-10 21:23:15
1151;11888;webcollagerestNULL;2014-06-14 20:52:45
1151;13035;doc8412;2014-06-23 18:32:44
1151;13069;doc14;2014-06-24 19:51:18
1099;1100;doc2016;2014-05-19 16:47:54
1099;1148;docNULL;2014-05-19 17:58:37
1099;4535;docNULL;2014-05-25 15:36:14
1099;5044;doc2563;2014-05-26 12:08:40
1099;5264;doc15704;2014-05-26 19:01:41
1099;6506;docNULL;2014-05-28 15:50:45
1099;8201;doc14;2014-06-01 16:12:26
1099;8262;doc49187;2014-06-01 18:09:12
1099;8514;doc49187;2014-06-02 10:20:18
1099;8538;docNULL;2014-06-02 12:15:57
1099;8596;docNULL;2014-06-02 15:53:50
1099;8612;docNULL;2014-06-02 16:36:53
1099;12150;webcollagerestNULL;2014-06-15 20:05:31
1099;12183;doc49187;2014-06-15 21:15:24
1099;12245;doc14;2014-06-16 13:59:22
1099;12249;docNULL;2014-06-16 14:06:09
1099;12305;doc8412;2014-06-16 19:14:30
13695;13696;doc2016;2017-02-19 08:40:35
6914;6915;doc2016;2014-05-29 15:18:33
6914;6970;docNULL;2014-05-29 16:56:59
2389;2390;doc2016;2014-05-21 22:43:17
2389;2408;docNULL;2014-05-21 22:58:39
2389;2453;docNULL;2014-05-21 23:43:26
2389;10602;doc2563;2014-06-09 17:13:45
2389;10607;doc15704;2014-06-09 17:28:53
2389;10611;docNULL;2014-06-09 17:31:46
2389;10616;doc49187;2014-06-09 18:05:47
2389;10626;docNULL;2014-06-09 18:13:51
2389;12190;webcollagerestNULL;2014-06-15 22:43:05
1956;1957;doc2016;2014-05-21 12:43:55
1956;1960;docNULL;2014-05-21 12:46:25
4566;4567;doc2016;2014-05-25 16:24:14
4566;4681;doc4726;2014-05-25 19:54:38
4566;4699;doc4726;2014-05-25 20:24:47
4566;4733;docNULL;2014-05-25 21:16:00
13220;13221;doc2016;2014-07-02 15:24:21
13220;13248;docNULL;2014-07-03 14:37:03
13220;13253;doc10100;2014-07-03 15:34:46
3542;5297;docNULL;2014-05-26 19:56:58
3542;5462;docNULL;2014-05-26 23:00:53
3542;6706;doc2563;2014-05-28 21:04:37
3542;6778;docNULL;2014-05-28 22:19:23
3542;6861;doc15704;2014-05-29 11:11:06
3542;9508;doc49187;2014-06-05 10:32:10
3542;12083;docNULL;2014-06-15 17:57:15
3542;13316;doc8412;2014-07-11 13:15:37
2399;2400;doc2016;2014-05-21 22:49:11
2399;2405;docNULL;2014-05-21 22:54:16
2399;2419;docNULL;2014-05-21 23:07:52
6918;6919;doc2016;2014-05-29 15:48:16
1069;1070;doc2016;2014-05-19 16:02:07
9815;10092;docNULL;2014-06-07 16:24:35
9815;10331;doc2563;2014-06-08 16:17:10
9815;11947;doc15704;2014-06-14 23:49:57
9815;11984;docNULL;2014-06-15 12:36:01
9815;12556;docNULL;2014-06-18 23:02:30
9815;12630;doc49187;2014-06-19 12:17:02
9815;13007;docNULL;2014-06-23 13:16:33
9815;13010;doc14;2014-06-23 13:23:09
9815;13018;NULL;2014-06-23 15:33:39
9815;13030;docNULL;2014-06-23 15:50:29
9815;13063;doc15704;2014-06-24 18:30:09
9815;13066;doc15704;2014-06-24 18:34:06
9815;13120;docNULL;2014-06-26 20:12:04
9815;13127;doc15704;2014-06-26 20:29:18
9815;13180;docNULL;2014-06-29 15:48:31
9815;13183;doc49187;2014-06-29 15:49:49
9815;13292;doc14;2014-07-08 21:05:09
9815;13296;docNULL;2014-07-08 21:06:15
2552;2553;doc2016;2014-05-22 08:15:18
2552;2580;docNULL;2014-05-22 10:35:47
2552;2589;docNULL;2014-05-22 11:04:46
2552;2592;docNULL;2014-05-22 11:44:39
4873;4874;doc2016;2014-05-26 03:00:03
4873;10941;doc10100;2014-06-11 05:23:26
1557;1558;doc2016;2014-05-20 17:52:13
1557;3510;docNULL;2014-05-23 18:07:07
1557;5228;doc2563;2014-05-26 18:23:56
8814;8815;doc2016;2014-06-03 11:04:50
2491;2492;doc2016;2014-05-22 00:13:38
2491;2495;doc2016;2014-05-22 00:21:30
2491;3538;docNULL;2014-05-23 19:04:49
2491;10225;doc2563;2014-06-08 01:54:10
2491;10448;doc2563;2014-06-08 22:02:20
2491;10722;doc15704;2014-06-09 22:20:20
2491;10744;docNULL;2014-06-10 01:13:08
2491;10749;docNULL;2014-06-10 01:24:54
2491;10805;doc15704;2014-06-10 17:20:46
2491;12349;docNULL;2014-06-17 13:29:07
2491;12353;doc2016;2014-06-17 16:42:53
2491;12377;docNULL;2014-06-17 20:41:41
2491;12801;doc2016;2014-06-20 14:17:38
2491;12826;doc49187;2014-06-20 19:56:56
2491;12938;doc49187;2014-06-21 19:53:22
5301;5302;doc2016;2014-05-26 20:01:01
5301;5498;docNULL;2014-05-26 23:26:08
5301;5589;docNULL;2014-05-27 01:04:10
5301;6294;doc2563;2014-05-27 23:44:30
1063;1064;doc2016;2014-05-19 15:55:02
10248;10249;doc2016;2014-06-08 11:54:24
3031;3032;doc2016;2014-05-23 02:42:08
1066;1067;doc2016;2014-05-19 16:00:10
1066;5164;doc4726;2014-05-26 15:27:50
1066;6572;docNULL;2014-05-28 17:40:48
1066;6625;docNULL;2014-05-28 19:16:42
1066;7071;doc2563;2014-05-29 20:02:25
1066;7458;doc15704;2014-05-30 18:50:54
1066;7464;docNULL;2014-05-30 18:54:06
1066;9563;doc49187;2014-06-05 19:31:17
1066;10274;docNULL;2014-06-08 12:39:20
1066;11392;docNULL;2014-06-12 15:45:46
1066;11419;docNULL;2014-06-12 16:58:12
1066;11449;docNULL;2014-06-12 18:52:56
1066;12033;docNULL;2014-06-15 15:15:58
1066;12514;docNULL;2014-06-18 20:59:04
2147;2148;doc2016;2014-05-21 18:23:57
2147;2158;docNULL;2014-05-21 18:32:07
2558;2561;docNULL;2014-05-22 08:29:37
2558;4482;doc2563;2014-05-25 12:12:24
2558;6595;doc15704;2014-05-28 18:25:12
2558;7853;docNULL;2014-05-31 17:45:56
6603;6604;doc2016;2014-05-28 18:35:18
6603;6606;docNULL;2014-05-28 18:38:01
6603;8840;docNULL;2014-06-03 16:15:00
2393;2394;doc2016;2014-05-21 22:44:06
2393;2527;doc14;2014-05-22 00:49:32
2393;2532;docNULL;2014-05-22 00:55:01
2393;4771;doc2563;2014-05-25 22:35:26
2393;5475;doc15704;2014-05-26 23:15:29
2393;5481;doc15704;2014-05-26 23:16:50
2393;6806;docNULL;2014-05-28 23:08:58
2393;7429;docNULL;2014-05-30 17:47:21
2393;8725;docNULL;2014-06-02 21:52:14
2393;10699;doc49187;2014-06-09 21:37:48
2393;10709;docNULL;2014-06-09 21:57:42
2393;12318;docNULL;2014-06-16 22:26:07
2393;12322;doc14;2014-06-16 23:00:45
2393;12540;doc49187;2014-06-18 22:37:35
2141;2163;doc2016;2014-05-21 18:44:12
2141;2237;docNULL;2014-05-21 20:16:57
2141;2737;docNULL;2014-05-22 19:22:34
2141;4462;doc2563;2014-05-25 11:31:41
2141;4655;doc15704;2014-05-25 18:57:20
2141;6410;docNULL;2014-05-28 11:16:14
2141;8568;doc49187;2014-06-02 14:55:34
2141;9607;docNULL;2014-06-05 21:12:28
2141;10661;webcollagerestNULL;2014-06-09 19:57:31
2141;13272;doc8412;2014-07-06 11:44:52
824;825;doc2016;2014-05-12 18:15:38
824;1047;doc2563;2014-05-19 11:00:03
824;5080;doc15704;2014-05-26 13:37:51
1412;1413;doc2016;2014-05-20 12:32:42
1412;1415;doc2016;2014-05-20 12:36:19
9426;9427;doc2016;2014-06-04 22:00:48
1663;1664;doc2016;2014-05-20 20:02:57
1663;1892;docNULL;2014-05-21 09:18:15
1663;5680;doc2563;2014-05-27 09:58:07
1663;6405;doc15704;2014-05-28 10:54:32
1663;6907;docNULL;2014-05-29 14:52:51
1663;8272;doc49187;2014-06-01 18:41:58
1663;8936;docNULL;2014-06-03 19:10:03
1663;10978;doc14;2014-06-11 12:57:49
1663;12226;doc49187;2014-06-16 12:10:54
2797;3400;docNULL;2014-05-23 16:01:19
2797;3433;docNULL;2014-05-23 16:25:04
1382;1383;doc2016;2014-05-20 12:07:10
1382;1401;docNULL;2014-05-20 12:22:28
1382;1429;docNULL;2014-05-20 13:22:57
2333;2334;doc2016;2014-05-21 22:09:37
2333;3565;docNULL;2014-05-23 20:01:06
2333;3598;docNULL;2014-05-23 20:25:19
2333;6188;doc15704;2014-05-27 22:34:10
2333;6197;doc2563;2014-05-27 22:37:00
1128;1129;doc2016;2014-05-19 17:45:44
1128;2349;docNULL;2014-05-21 22:21:35
2476;2477;doc2016;2014-05-21 23:59:14
2476;2522;docNULL;2014-05-22 00:47:58
2476;3006;docNULL;2014-05-23 00:27:06
2476;5458;doc2563;2014-05-26 22:55:01
2476;7257;doc2563;2014-05-30 08:00:36
2476;7261;doc15704;2014-05-30 08:24:57
2476;7276;docNULL;2014-05-30 08:38:59
2476;9604;docNULL;2014-06-05 21:09:26
2476;9790;doc49187;2014-06-06 12:19:43
2476;9892;doc49187;2014-06-06 18:53:18
2476;12995;doc8412;2014-06-22 19:37:04
1085;1086;doc2016;2014-05-19 16:15:07
1085;4326;docNULL;2014-05-25 00:53:22
1085;4330;docNULL;2014-05-25 01:02:08
1326;1327;doc2016;2014-05-20 07:56:48
1326;1329;docNULL;2014-05-20 08:01:08
13042;13043;doc2016;2014-06-24 05:51:11
13042;13045;docNULL;2014-06-24 05:54:53
13042;13050;docNULL;2014-06-24 06:02:15
13042;13075;doc2563;2014-06-25 02:15:06
13042;13079;docNULL;2014-06-25 02:22:03
13692;13693;doc2016;2017-02-01 15:55:10
13657;13658;doc2016;2016-02-22 21:43:12
3917;3973;doc2563;2014-05-24 11:24:20
3917;5007;docNULL;2014-05-26 10:50:58
3917;5026;docNULL;2014-05-26 11:53:33
3917;5058;doc2563;2014-05-26 12:30:38
3917;6017;doc15704;2014-05-27 20:07:26
3917;6990;docNULL;2014-05-29 17:38:44
3917;7406;docNULL;2014-05-30 16:32:37
3917;8236;doc49187;2014-06-01 17:16:08
3917;8676;docNULL;2014-06-02 19:59:14
3917;12289;doc14;2014-06-16 18:36:04
3917;12358;doc8412;2014-06-17 17:09:22
1121;1122;doc2016;2014-05-19 17:28:00
1121;3009;docNULL;2014-05-23 00:30:10
1121;3444;doc2563;2014-05-23 16:30:42
1121;9023;docNULL;2014-06-03 21:22:04
1121;9067;doc15704;2014-06-03 22:10:22
1121;9102;doc49187;2014-06-03 22:58:01
1121;9876;docNULL;2014-06-06 17:54:54
2773;2774;doc2016;2014-05-22 19:58:59
2773;2776;docNULL;2014-05-22 20:11:21
987;988;doc2016;2014-05-14 12:04:07
987;1002;doc14;2014-05-14 12:37:37
987;1009;doc2563;2014-05-14 13:01:13
987;1031;doc14;2014-05-15 13:07:11
987;1035;doc14;2014-05-15 14:07:56
987;1041;doc14;2014-05-16 11:37:09
987;6455;doc14;2014-05-28 12:26:53
987;9533;doc14;2014-06-05 15:17:59
987;13508;doc14;2014-10-15 13:59:37
1089;1090;doc2016;2014-05-19 16:19:55
4647;4648;doc2016;2014-05-25 18:41:50
1920;1921;doc2016;2014-05-21 10:39:22
1920;1927;docNULL;2014-05-21 10:43:46
1920;1967;docNULL;2014-05-21 13:32:30
13469;13470;doc2016;2014-09-14 14:40:41
3144;3145;doc2016;2014-05-23 10:03:22
13466;13467;doc2016;2014-09-04 05:40:53
4202;4236;doc2016;2014-05-24 21:47:01
4202;6264;doc2563;2014-05-27 23:19:39
4202;7795;doc15704;2014-05-31 14:44:28
4202;8268;docNULL;2014-06-01 18:34:49
4202;10416;doc49187;2014-06-08 20:19:37
4202;11240;docNULL;2014-06-12 01:04:20
4404;4405;doc2016;2014-05-25 10:23:18
4404;4407;docNULL;2014-05-25 10:24:39
13091;13092;doc2016;2014-06-25 15:04:19
2821;2822;doc2016;2014-05-22 21:24:00
2821;2826;docNULL;2014-05-22 21:26:04
1231;1232;doc2016;2014-05-19 21:38:55
1231;1238;docNULL;2014-05-19 21:45:38
1231;2313;docNULL;2014-05-21 21:46:56
1231;3359;docNULL;2014-05-23 14:52:39
1231;4561;doc2563;2014-05-25 16:17:32
1231;6324;docNULL;2014-05-28 07:42:05
1231;8414;docNULL;2014-06-01 22:17:36
1231;8418;docNULL;2014-06-01 22:19:30
13512;13513;doc2016;2014-10-16 18:54:50
2542;2543;doc2016;2014-05-22 01:16:42
2542;6485;docNULL;2014-05-28 14:56:15
2542;9190;doc2563;2014-06-04 07:28:56
2542;9523;doc49187;2014-06-05 12:22:08
2542;13265;doc49187;2014-07-04 08:07:16
4129;4135;docNULL;2014-05-24 18:43:53
4129;6728;doc2563;2014-05-28 21:20:53
4129;6755;doc15704;2014-05-28 21:55:51
4129;6765;docNULL;2014-05-28 22:09:02
4129;7035;docNULL;2014-05-29 19:11:31
4129;9324;docNULL;2014-06-04 18:16:27
4129;9358;doc49187;2014-06-04 19:36:57
4129;10361;docNULL;2014-06-08 18:21:47
4129;12698;doc49187;2014-06-19 21:09:54
3383;3384;doc2016;2014-05-23 15:35:22
3383;3397;docNULL;2014-05-23 15:59:37
3383;3454;docNULL;2014-05-23 16:42:55
3383;6522;doc2563;2014-05-28 16:03:34
3383;6560;doc15704;2014-05-28 17:08:17
3383;7820;docNULL;2014-05-31 16:16:36
4418;4424;docNULL;2014-05-25 10:54:00
4418;4637;docNULL;2014-05-25 18:35:00
4418;7219;doc2563;2014-05-30 01:25:02
4418;7225;doc15704;2014-05-30 01:39:00
4418;7232;docNULL;2014-05-30 01:46:37
4418;7806;docNULL;2014-05-31 15:26:31
4418;12337;docNULL;2014-06-17 10:57:41
4418;12789;doc8412;2014-06-20 11:00:02
4418;12807;doc49187;2014-06-20 17:30:25
4418;13204;doc49187;2014-07-01 08:14:10
2300;2344;doc2016;2014-05-21 22:19:38
2300;2910;docNULL;2014-05-22 22:31:22
2300;2934;docNULL;2014-05-22 22:47:05
2300;2946;imageNULL;2014-05-22 22:57:54
2300;3343;doc2563;2014-05-23 14:25:27
2300;3533;doc15704;2014-05-23 19:03:59
2300;4811;docNULL;2014-05-25 23:28:44
2300;9098;doc49187;2014-06-03 22:53:01
2300;9129;doc49187;2014-06-03 23:22:14
2300;9145;doc49187;2014-06-03 23:39:36
2300;10914;doc8412;2014-06-10 23:25:47
2300;11092;doc8412;2014-06-11 20:46:40
2300;11105;doc8412;2014-06-11 21:14:13
2300;11199;doc8412;2014-06-11 23:56:15
2300;11220;doc8412;2014-06-12 00:09:34
2300;12043;doc49187;2014-06-15 15:57:13
2300;12095;doc14;2014-06-15 18:18:13
2300;12178;doc8412;2014-06-15 21:09:36
2300;13543;doc2563;2014-11-12 18:49:25
2300;13547;doc15704;2014-11-12 19:27:36
2300;13569;doc14;2014-11-12 20:12:51
2300;13585;doc8412;2014-11-29 17:48:54
2300;13590;doc4726;2014-11-29 21:37:27
2307;2308;doc2016;2014-05-21 21:45:11
2307;3231;google_docsNULL;2014-05-23 12:12:37
2307;3577;doc14;2014-05-23 20:09:12
2307;4828;docNULL;2014-05-25 23:57:36
2307;6191;doc2563;2014-05-27 22:34:28
2307;9450;doc15704;2014-06-04 22:40:18
2307;9459;docNULL;2014-06-04 22:53:01
2307;9785;doc49187;2014-06-06 12:13:39
2307;10170;docNULL;2014-06-07 22:23:24
3020;3021;doc2016;2014-05-23 01:25:04
3020;3023;docNULL;2014-05-23 01:27:02
3020;4764;docNULL;2014-05-25 22:31:23
5847;5848;doc2016;2014-05-27 16:25:50
5847;5850;docNULL;2014-05-27 16:27:33
5847;6209;docNULL;2014-05-27 22:49:33
5847;6239;docNULL;2014-05-27 23:00:19
5847;6280;docNULL;2014-05-27 23:30:13
5847;6301;doc2563;2014-05-28 00:09:49
5847;6556;doc15704;2014-05-28 17:04:32
5847;6782;doc15704;2014-05-28 22:28:56
5847;6791;docNULL;2014-05-28 22:46:38
5847;6799;docNULL;2014-05-28 23:01:00
5847;9582;doc14;2014-06-05 20:19:55
5847;9591;doc14;2014-06-05 20:31:20
5847;9619;doc14;2014-06-05 21:48:43
5847;9636;doc14;2014-06-05 22:13:41
5847;9670;doc49187;2014-06-05 22:49:16
5847;9674;doc49187;2014-06-05 22:50:06
5847;9681;doc14;2014-06-05 23:04:25
5847;9707;doc14;2014-06-05 23:31:25
5847;9850;docNULL;2014-06-06 16:35:27
5847;9853;docNULL;2014-06-06 16:37:52
5847;9856;docNULL;2014-06-06 16:43:41
5847;9869;docNULL;2014-06-06 17:45:36
2667;2668;doc2016;2014-05-22 15:33:08
2667;10725;docNULL;2014-06-09 22:21:06
2664;2665;doc2016;2014-05-22 15:16:44
13598;13599;doc2016;2014-12-08 14:58:51
1252;1253;doc2016;2014-05-19 22:01:23
1252;8430;imageNULL;2014-06-01 22:56:11
1252;8438;imageNULL;2014-06-01 23:03:46
1252;8445;imageNULL;2014-06-01 23:07:30
1252;9690;docNULL;2014-06-05 23:10:53
1252;10472;doc2563;2014-06-08 23:53:46
1252;10517;doc15704;2014-06-09 11:28:22
1252;10524;docNULL;2014-06-09 11:43:01
1252;10541;docNULL;2014-06-09 12:04:12
1252;11660;docNULL;2014-06-13 19:44:50
1252;11742;doc49187;2014-06-14 00:30:12
1252;11759;doc14;2014-06-14 01:18:24
1252;12137;docNULL;2014-06-15 19:20:16
1252;12469;doc14;2014-06-18 18:00:08
1252;12906;doc14;2014-06-21 13:15:59
1252;12913;doc14;2014-06-21 13:37:16
1398;1399;doc2016;2014-05-20 12:15:20
2262;2263;doc2016;2014-05-21 20:36:32
2262;2293;docNULL;2014-05-21 21:17:35
2262;2913;docNULL;2014-05-22 22:35:22
2262;5110;doc2563;2014-05-26 14:09:02
2262;5897;docNULL;2014-05-27 17:24:37
2262;6582;doc15704;2014-05-28 17:53:33
2262;9316;doc49187;2014-06-04 18:06:09
2262;9433;doc14;2014-06-04 22:19:57
2262;10108;docNULL;2014-06-07 17:13:39
2262;10174;docNULL;2014-06-07 22:26:37
2262;10874;doc14;2014-06-10 21:51:10
2262;10906;doc4726;2014-06-10 22:47:56
2262;12314;doc49187;2014-06-16 22:24:54
1450;1451;doc2016;2014-05-20 14:19:34
1450;2386;docNULL;2014-05-21 22:42:43
1450;2468;docNULL;2014-05-21 23:56:34
3480;3481;doc2016;2014-05-23 17:15:18
3480;5610;docNULL;2014-05-27 07:52:07
3480;5622;docNULL;2014-05-27 08:44:41
3480;6430;doc2563;2014-05-28 11:53:45
3480;6885;doc15704;2014-05-29 12:57:48
3480;7055;docNULL;2014-05-29 19:47:04
3480;9819;doc49187;2014-06-06 15:54:25
1656;1657;doc2016;2014-05-20 19:55:19
1656;1668;docNULL;2014-05-20 20:08:20
1656;1990;docNULL;2014-05-21 14:26:03
1656;5927;doc2563;2014-05-27 17:59:24
1656;7001;doc15704;2014-05-29 17:50:09
1656;7014;docNULL;2014-05-29 18:00:52
1656;11453;doc49187;2014-06-12 19:12:12
1656;11596;docNULL;2014-06-13 15:48:33
1656;13095;doc14;2014-06-25 17:36:48
2076;2077;doc2016;2014-05-21 16:47:09
2076;2083;docNULL;2014-05-21 16:52:57
2442;2443;doc2016;2014-05-21 23:31:49
2442;2486;docNULL;2014-05-22 00:07:24
1235;1270;docNULL;2014-05-19 22:32:25
1235;1305;docNULL;2014-05-20 00:30:15
1235;1761;docNULL;2014-05-20 22:21:05
1235;4778;doc2563;2014-05-25 22:52:04
1235;5915;doc15704;2014-05-27 17:50:51
1235;7930;docNULL;2014-05-31 21:19:42
3582;3583;doc2016;2014-05-23 20:14:39
1138;1139;doc2016;2014-05-19 17:53:18
1138;1154;doc4726;2014-05-19 18:00:35
1338;1339;doc2016;2014-05-20 08:56:31
2602;2603;doc2016;2014-05-22 13:15:55
2602;2605;docNULL;2014-05-22 13:17:42
2602;3104;docNULL;2014-05-23 09:02:45
2602;5234;doc2563;2014-05-26 18:28:58
2602;6877;doc15704;2014-05-29 12:40:23
2602;6881;docNULL;2014-05-29 12:43:16
6436;6437;doc2016;2014-05-28 12:07:34
2280;2288;docNULL;2014-05-21 21:11:25
2280;2869;docNULL;2014-05-22 22:02:47
2280;4115;docNULL;2014-05-24 17:45:27
2280;4974;doc2563;2014-05-26 09:51:22
2280;5809;doc2563;2014-05-27 15:52:23
2280;6743;doc15704;2014-05-28 21:44:54
2280;7045;docNULL;2014-05-29 19:24:37
2280;7530;docNULL;2014-05-30 20:38:15
2280;8628;docNULL;2014-06-02 18:34:32
2280;9111;doc49187;2014-06-03 23:05:15
2280;9951;doc14;2014-06-06 22:07:27
2280;9958;docNULL;2014-06-06 22:36:34
2280;12109;docNULL;2014-06-15 18:38:30
2280;12130;docNULL;2014-06-15 19:10:11
2280;12813;doc49187;2014-06-20 18:38:21
2280;12991;doc8412;2014-06-22 19:25:05
8118;8119;doc2016;2014-06-01 12:33:33
2448;2449;doc2016;2014-05-21 23:36:14
3938;3939;doc2016;2014-05-24 10:31:52
3938;3957;docNULL;2014-05-24 10:37:09
3938;5015;docNULL;2014-05-26 11:28:30
3938;8042;doc2563;2014-06-01 09:34:33
3938;8050;doc15704;2014-06-01 09:55:13
3938;9184;docNULL;2014-06-04 06:56:34
3128;3129;doc2016;2014-05-23 09:19:42
3941;3942;doc2016;2014-05-24 10:32:37
3941;3951;docNULL;2014-05-24 10:36:16
3941;4390;doc2563;2014-05-25 10:02:17
3941;5668;docNULL;2014-05-27 09:37:34
3941;8107;docNULL;2014-06-01 12:07:48
1933;1934;doc2016;2014-05-21 11:07:54
1933;1938;docNULL;2014-05-21 11:53:59
1933;7250;doc2563;2014-05-30 07:54:18
1933;7279;doc15704;2014-05-30 08:41:29
1933;7295;docNULL;2014-05-30 10:10:18
3150;3151;doc2016;2014-05-23 10:19:23
3150;3161;docNULL;2014-05-23 10:40:45
3150;3920;docNULL;2014-05-24 09:49:03
3150;6577;doc2563;2014-05-28 17:51:54
3150;7766;doc15704;2014-05-31 12:13:37
3150;7777;docNULL;2014-05-31 13:02:48
13535;13536;doc2016;2014-10-30 09:56:57
2836;2837;doc2016;2014-05-22 21:34:45
2836;2852;docNULL;2014-05-22 21:52:38
2836;2962;docNULL;2014-05-22 23:15:46
2836;7634;docNULL;2014-05-30 22:43:09
2255;2256;doc2016;2014-05-21 20:26:57
2255;2258;docNULL;2014-05-21 20:27:56
3316;3317;doc2016;2014-05-23 13:45:48
4057;4058;doc2016;2014-05-24 14:48:46
4057;4062;docNULL;2014-05-24 14:56:40
4057;4182;docNULL;2014-05-24 19:51:08
4057;4185;docNULL;2014-05-24 19:54:44
4057;4194;docNULL;2014-05-24 20:10:47
1644;1651;doc4726;2014-05-20 19:47:48
1644;1660;docNULL;2014-05-20 19:59:15
1644;3585;doc2563;2014-05-23 20:14:56
1644;4339;doc15704;2014-05-25 06:57:28
1644;5982;docNULL;2014-05-27 19:29:13
1644;5986;docNULL;2014-05-27 19:34:49
1644;8111;doc14;2014-06-01 12:12:31
1644;9768;doc49187;2014-06-06 11:12:47
1644;10102;docNULL;2014-06-07 17:03:35
1644;10759;doc14;2014-06-10 09:33:08
1644;11318;openglmNULL;2014-06-12 11:22:51
1644;11324;webcollagerestNULL;2014-06-12 11:27:42
1644;12115;doc8412;2014-06-15 18:42:58
2044;2045;doc2016;2014-05-21 15:32:09
2044;4347;docNULL;2014-05-25 08:09:35
2044;4557;docNULL;2014-05-25 16:15:53
4299;4300;doc2016;2014-05-24 23:25:37
4299;4311;docNULL;2014-05-24 23:48:58
4299;4741;docNULL;2014-05-25 21:35:30
4299;8453;doc2563;2014-06-01 23:19:11
3394;4620;docNULL;2014-05-25 18:25:10
3394;4795;doc2563;2014-05-25 23:06:57
3394;4801;docNULL;2014-05-25 23:11:07
3394;8074;doc2563;2014-06-01 11:30:57
3394;8083;doc2563;2014-06-01 11:31:53
3394;8121;doc15704;2014-06-01 12:43:31
3394;8125;docNULL;2014-06-01 12:46:58
1728;1746;doc8412;2014-05-20 22:00:28
1728;1805;docNULL;2014-05-20 23:03:14
1728;2879;docNULL;2014-05-22 22:10:23
1728;6257;doc2563;2014-05-27 23:14:33
1728;7105;doc15704;2014-05-29 20:49:33
1728;7109;doc15704;2014-05-29 20:51:11
1728;7476;docNULL;2014-05-30 19:13:58
1728;11173;doc49187;2014-06-11 23:13:57
2576;2577;doc2016;2014-05-22 09:55:50
10800;10801;doc2016;2014-06-10 17:01:50
13663;13664;doc2016;2016-10-16 06:38:08
1637;1638;doc2016;2014-05-20 19:38:04
1637;1909;docNULL;2014-05-21 09:39:00
1637;5671;doc2563;2014-05-27 09:37:37
1637;6666;doc15704;2014-05-28 20:02:48
1637;6851;doc15704;2014-05-29 10:35:46
1637;7052;docNULL;2014-05-29 19:42:41
1637;7433;docNULL;2014-05-30 17:57:26
1637;8915;doc2016;2014-06-03 18:13:40
1637;8976;doc2016;2014-06-03 19:45:43
1637;9160;doc49187;2014-06-04 00:56:41
1637;9165;doc49187;2014-06-04 01:00:34
1637;9552;docNULL;2014-06-05 18:38:55
1637;11353;doc2563;2014-06-12 14:41:44
5241;5242;doc2016;2014-05-26 18:30:34
5241;8397;docNULL;2014-06-01 21:26:43
5241;13449;docNULL;2014-08-03 22:30:00
3017;3018;doc2016;2014-05-23 01:22:20
2106;2107;doc2016;2014-05-21 17:32:47
2106;2109;docNULL;2014-05-21 17:34:59
2106;2839;docNULL;2014-05-22 21:35:26
2106;5313;doc2563;2014-05-26 20:05:23
2106;5348;doc2563;2014-05-26 20:39:22
2106;5366;doc2563;2014-05-26 21:00:47
2106;6375;doc15704;2014-05-28 10:38:00
2106;6600;docNULL;2014-05-28 18:34:30
2106;9328;doc49187;2014-06-04 18:17:26
2106;9979;docNULL;2014-06-07 07:18:54
1241;1242;doc2016;2014-05-19 21:45:43
1241;1259;doc14;2014-05-19 22:24:23
1241;1297;docNULL;2014-05-19 23:51:50
1241;6225;doc2563;2014-05-27 22:55:52
1241;6739;doc15704;2014-05-28 21:41:02
1241;7088;docNULL;2014-05-29 20:17:51
3250;3251;doc2016;2014-05-23 12:30:25
3250;4987;docNULL;2014-05-26 10:13:53
3250;5628;docNULL;2014-05-27 08:51:57
3090;3091;doc2016;2014-05-23 08:52:58
3090;3406;doc4726;2014-05-23 16:09:49
3090;3420;doc4726;2014-05-23 16:14:50
3090;3436;docNULL;2014-05-23 16:25:18
3090;5179;doc2563;2014-05-26 16:41:34
1534;1535;doc2016;2014-05-20 16:55:27
1534;1564;docNULL;2014-05-20 18:00:19
1534;2096;docNULL;2014-05-21 17:20:55
1534;5208;doc2563;2014-05-26 17:24:20
1534;6145;doc15704;2014-05-27 22:15:14
1534;6478;docNULL;2014-05-28 14:30:44
1534;9118;doc49187;2014-06-03 23:13:51
1534;9430;docNULL;2014-06-04 22:08:56
1534;10809;doc14;2014-06-10 17:42:10
1534;11184;doc14;2014-06-11 23:41:25
1534;13146;docNULL;2014-06-27 15:55:15
1245;1246;doc2016;2014-05-19 21:51:58
13494;13495;doc2016;2014-10-09 13:08:23
2209;2210;doc2016;2014-05-21 19:42:35
2209;2212;docNULL;2014-05-21 19:44:31
1006;1007;doc2016;2014-05-14 12:40:40
3098;3099;doc2016;2014-05-23 08:58:54
3098;3110;docNULL;2014-05-23 09:03:37
3098;3661;docNULL;2014-05-23 21:22:59
3098;6013;doc2563;2014-05-27 19:58:55
3098;7286;doc15704;2014-05-30 08:52:21
3098;8480;docNULL;2014-06-02 08:45:19
3098;10848;doc49187;2014-06-10 19:36:07
2377;2378;doc2016;2014-05-21 22:34:42
2377;2480;docNULL;2014-05-22 00:05:51
2377;2904;docNULL;2014-05-22 22:28:15
2377;7184;doc2563;2014-05-30 00:14:10
2377;9480;doc15704;2014-06-05 00:21:46
2371;2372;doc2016;2014-05-21 22:33:12
2371;2380;docNULL;2014-05-21 22:36:53
3879;3880;doc2016;2014-05-24 06:32:35
11646;11647;doc2016;2014-06-13 18:32:25
1348;1349;doc2016;2014-05-20 09:33:50
3592;3593;doc2016;2014-05-23 20:21:52
3592;3595;docNULL;2014-05-23 20:24:03
3592;3635;docNULL;2014-05-23 21:00:13
3592;6320;doc2563;2014-05-28 07:25:01
3592;7066;doc15704;2014-05-29 19:59:37
3592;7100;docNULL;2014-05-29 20:47:19
3592;7924;docNULL;2014-05-31 21:09:49
1224;2786;docNULL;2014-05-22 20:28:39
1224;2807;docNULL;2014-05-22 21:04:01
1224;5328;doc2563;2014-05-26 20:30:04
1224;5380;doc15704;2014-05-26 21:21:36
1224;5963;docNULL;2014-05-27 18:48:36
1224;9349;doc14;2014-06-04 19:08:57
1224;9371;doc49187;2014-06-04 19:59:31
1224;9803;docNULL;2014-06-06 14:41:16
1224;10938;docNULL;2014-06-11 01:15:49
1224;11250;docNULL;2014-06-12 01:23:41
1224;12488;doc8412;2014-06-18 19:20:12
1224;12492;doc8412;2014-06-18 19:34:18
2612;2613;doc2016;2014-05-22 13:40:03
2612;2620;docNULL;2014-05-22 13:47:44
2779;2780;doc2016;2014-05-22 20:12:37
2779;3728;docNULL;2014-05-23 22:40:45
2779;3772;docNULL;2014-05-23 23:28:50
1341;1342;doc2016;2014-05-20 09:02:48
1341;1354;doc14;2014-05-20 09:51:30
1341;3313;docNULL;2014-05-23 13:44:48
1341;5656;doc2563;2014-05-27 09:21:30
1341;5660;doc2563;2014-05-27 09:24:15
1341;5665;doc15704;2014-05-27 09:25:50
1341;6383;doc15704;2014-05-28 10:39:52
1341;6392;doc15704;2014-05-28 10:50:36
1341;6922;docNULL;2014-05-29 15:49:59
1341;8493;doc49187;2014-06-02 09:44:15
1341;9215;docNULL;2014-06-04 09:20:53
1341;12100;doc14;2014-06-15 18:23:09
3752;3753;doc2016;2014-05-23 23:03:53
5003;5004;doc2016;2014-05-26 10:49:01
5003;10970;openglmNULL;2014-06-11 11:31:25
5003;11562;webcollagerestNULL;2014-06-13 14:28:43
5003;11582;openglmNULL;2014-06-13 15:35:19
5003;13516;openglm35614;2014-10-23 10:07:06
1228;1949;docNULL;2014-05-21 12:19:43
13522;13523;doc2016;2014-10-24 07:07:57
4631;4632;doc2016;2014-05-25 18:30:45
4631;6045;docNULL;2014-05-27 20:33:31
4631;6058;docNULL;2014-05-27 20:47:11
4631;6686;doc2563;2014-05-28 20:23:38
4631;7519;doc15704;2014-05-30 20:28:32
4631;7523;docNULL;2014-05-30 20:31:00
4631;8944;doc49187;2014-06-03 19:15:50
4631;9543;docNULL;2014-06-05 17:39:33
4366;4367;doc2016;2014-05-25 09:22:19
4366;4370;doc2016;2014-05-25 09:27:17
4366;10009;docNULL;2014-06-07 09:34:14
4366;13377;doc2563;2014-07-20 23:58:16
4366;13388;doc15704;2014-07-21 11:21:25
4366;13424;docNULL;2014-07-22 02:55:17
2196;2197;doc2016;2014-05-21 19:23:29
2196;2202;docNULL;2014-05-21 19:28:02
2196;2683;docNULL;2014-05-22 16:38:15
5125;5126;doc2016;2014-05-26 14:35:37
5125;5131;docNULL;2014-05-26 14:39:46
2802;2844;doc2016;2014-05-22 21:40:16
2802;4438;doc14;2014-05-25 11:13:05
8298;8299;doc2016;2014-06-01 19:26:26
8298;8304;doc8412;2014-06-01 19:33:24
8298;8315;google_docsNULL;2014-06-01 19:40:40
8298;8325;docNULL;2014-06-01 19:53:42
6490;6491;doc2016;2014-05-28 15:23:19
6490;6496;docNULL;2014-05-28 15:26:09
6490;7845;doc2563;2014-05-31 17:37:30
6490;7875;doc2563;2014-05-31 18:13:29
5238;5239;doc2016;2014-05-26 18:30:28
5238;5244;docNULL;2014-05-26 18:36:30
1420;1421;doc2016;2014-05-20 13:02:53
1420;2067;doc2016;2014-05-21 16:04:16
1420;2080;docNULL;2014-05-21 16:52:54
1420;4487;doc2563;2014-05-25 12:21:48
1420;5255;doc15704;2014-05-26 18:47:54
1420;6416;docNULL;2014-05-28 11:22:55
1420;7891;docNULL;2014-05-31 18:42:35
1420;8641;doc49187;2014-06-02 18:43:49
1420;9336;docNULL;2014-06-04 18:34:49
1420;10435;webcollagerestNULL;2014-06-08 21:18:58
1420;11282;doc14;2014-06-12 10:41:51
1633;1634;doc2016;2014-05-20 19:35:36
1633;2155;docNULL;2014-05-21 18:29:46
1633;2744;docNULL;2014-05-22 19:39:02
1633;4343;docNULL;2014-05-25 07:10:36
1633;5994;doc2563;2014-05-27 19:40:16
1633;7549;doc15704;2014-05-30 21:17:44
1633;7850;docNULL;2014-05-31 17:43:42
1633;9252;doc49187;2014-06-04 11:54:08
1633;9540;docNULL;2014-06-05 17:38:12
1633;10753;doc49187;2014-06-10 09:13:19
1633;12602;doc14;2014-06-19 10:22:42
1633;12714;doc49187;2014-06-19 22:18:17
2866;2867;doc2016;2014-05-22 22:01:30
2866;2882;docNULL;2014-05-22 22:10:50
2866;2898;docNULL;2014-05-22 22:23:44
2057;2058;doc2016;2014-05-21 15:44:57
1426;1427;doc2016;2014-05-20 13:14:51
1426;2039;docNULL;2014-05-21 15:26:27
1426;4305;doc2563;2014-05-24 23:40:08
1426;4850;doc2563;2014-05-26 00:34:32
1426;5140;doc15704;2014-05-26 14:49:07
1426;5284;doc15704;2014-05-26 19:38:08
1426;5406;docNULL;2014-05-26 22:09:41
1426;8154;doc49187;2014-06-01 14:14:01
1426;8700;docNULL;2014-06-02 20:54:37
1426;10177;doc14;2014-06-07 22:30:11
1426;10527;doc14;2014-06-09 11:43:34
1426;11413;webcollagerestNULL;2014-06-12 16:57:28
1426;12047;doc8412;2014-06-15 16:13:40
3513;3514;doc2016;2014-05-23 18:14:37
3513;6203;docNULL;2014-05-27 22:48:21
3513;7143;docNULL;2014-05-29 22:38:39
3513;8773;doc2563;2014-06-02 23:08:48
3513;9106;doc15704;2014-06-03 22:59:57
3513;9703;docNULL;2014-06-05 23:27:44
1583;1584;doc2016;2014-05-20 18:22:55
4122;4123;doc2016;2014-05-24 18:09:18
4122;4153;google_docsNULL;2014-05-24 19:15:01
4122;4911;docNULL;2014-05-26 08:27:20
4122;5784;docNULL;2014-05-27 15:40:55
4122;8485;doc2563;2014-06-02 09:32:52
4122;8499;doc15704;2014-06-02 09:53:35
4122;8517;docNULL;2014-06-02 10:21:48
4122;9827;docNULL;2014-06-06 16:00:23
4122;9835;docNULL;2014-06-06 16:09:44
4122;12423;doc49187;2014-06-18 09:18:20
4122;12664;imageNULL;2014-06-19 18:09:02
4122;12876;docNULL;2014-06-21 07:37:11
4122;12973;doc14;2014-06-22 16:24:05
4122;12978;docNULL;2014-06-22 16:49:54
4122;13643;doc2563;2016-01-02 19:05:25
4122;13647;webcollagerest2020;2016-01-03 10:55:12
3694;3695;doc2016;2014-05-23 21:51:20
3694;3703;docNULL;2014-05-23 22:02:52
3694;3722;docNULL;2014-05-23 22:27:39
2567;2568;doc2016;2014-05-22 09:17:31
2567;2633;docNULL;2014-05-22 14:03:35
2567;2644;docNULL;2014-05-22 14:31:36
3363;3364;doc2016;2014-05-23 14:55:26
3363;4455;doc2563;2014-05-25 11:29:22
3363;8078;doc15704;2014-06-01 11:31:01
3363;8087;docNULL;2014-06-01 11:42:39
3363;8096;docNULL;2014-06-01 12:00:01
3363;8130;docNULL;2014-06-01 13:03:20
2118;2119;doc2016;2014-05-21 17:58:19
2118;2132;docNULL;2014-05-21 18:12:16
2118;3224;doc2016;2014-05-23 11:55:51
2118;5864;doc2563;2014-05-27 16:52:52
2118;7791;doc15704;2014-05-31 14:43:23
2118;7825;docNULL;2014-05-31 16:36:49
2118;9909;doc49187;2014-06-06 19:48:56
2118;10513;docNULL;2014-06-09 11:24:48
2118;11669;doc49187;2014-06-13 20:11:58
2118;12060;imageNULL;2014-06-15 17:00:34
2118;12942;doc8412;2014-06-21 21:19:36
2;641;doc14;2013-08-31 00:56:31
2;645;doc14;2013-08-31 00:57:17
2;649;doc14;2013-08-31 00:58:38
2;653;doc14;2013-08-31 00:59:47
2;657;doc14;2013-08-31 01:00:57
2;661;doc14;2013-08-31 01:02:30
2;665;doc14;2013-08-31 01:03:28
2;669;doc14;2013-08-31 01:05:02
2;673;doc14;2013-08-31 01:05:48
2;677;doc14;2013-08-31 01:06:54
2;681;doc14;2013-08-31 01:08:41
2;685;doc14;2013-08-31 01:09:47
2;689;doc14;2013-08-31 01:11:01
2;693;doc14;2013-08-31 01:11:47
2;697;doc14;2013-08-31 01:12:51
2;701;doc14;2013-08-31 01:14:06
2;705;doc14;2013-08-31 01:15:07
2;709;doc14;2013-08-31 01:15:59
2;713;doc14;2013-08-31 01:16:56
2;717;doc14;2013-08-31 01:18:00
2;721;doc14;2013-08-31 01:19:10
2;725;doc14;2013-08-31 01:19:51
2;729;doc14;2013-08-31 01:20:53
2;733;doc14;2013-08-31 01:21:38
2;737;doc14;2013-08-31 01:22:31
2;741;doc14;2013-08-31 01:23:24
2;745;doc14;2013-08-31 01:24:28
2;749;doc14;2013-08-31 01:25:17
2;753;doc14;2013-08-31 01:29:11
2;796;doc14;2013-10-31 12:09:03
2;800;doc14;2013-10-31 12:13:05
2;804;doc14;2013-10-31 12:13:53
2;808;doc14;2013-10-31 12:14:50
2688;2689;doc2016;2014-05-22 17:34:53
2688;2700;docNULL;2014-05-22 17:40:44
4410;4411;doc2016;2014-05-25 10:25:29
2368;2369;doc2016;2014-05-21 22:32:07
2368;2374;docNULL;2014-05-21 22:33:40
5692;5744;doc4726;2014-05-27 12:19:13
5692;6844;doc2563;2014-05-29 08:09:37
6683;6684;doc2016;2014-05-28 20:20:24
6683;8255;docNULL;2014-06-01 17:42:26
6683;9629;docNULL;2014-06-05 22:11:40
6683;11096;doc2563;2014-06-11 20:47:24
2114;2115;doc2016;2014-05-21 17:47:56
2114;3816;docNULL;2014-05-24 00:10:44
2114;4228;docNULL;2014-05-24 21:33:09
2114;8071;doc2563;2014-06-01 11:22:24
2114;8248;doc15704;2014-06-01 17:32:49
2114;8258;docNULL;2014-06-01 17:43:09
5689;5695;docNULL;2014-05-27 10:36:01
5689;5705;docNULL;2014-05-27 10:49:45
2361;2362;doc2016;2014-05-21 22:26:13
2361;4816;doc2016;2014-05-25 23:53:27
2361;4834;doc4726;2014-05-26 00:04:38
2361;4846;docNULL;2014-05-26 00:21:57
2361;4863;docNULL;2014-05-26 01:09:08
2361;4866;doc2563;2014-05-26 01:11:08
9133;9134;doc2016;2014-06-03 23:27:45
1213;1214;doc2016;2014-05-19 20:40:37
1213;1697;docNULL;2014-05-20 20:43:52
1213;2090;docNULL;2014-05-21 17:14:31
1213;5415;doc2563;2014-05-26 22:22:57
1213;6172;doc2563;2014-05-27 22:25:32
1213;6814;doc15704;2014-05-28 23:20:48
1213;7007;docNULL;2014-05-29 17:58:25
1213;7058;docNULL;2014-05-29 19:50:04
1213;8739;doc14;2014-06-02 22:18:22
1213;9080;doc49187;2014-06-03 22:34:53
1213;9598;docNULL;2014-06-05 21:06:15
1213;10885;doc49187;2014-06-10 22:06:06
1213;11011;doc14;2014-06-11 17:12:49
1213;11428;docNULL;2014-06-12 17:15:09
1213;11505;doc14;2014-06-12 21:28:13
1213;12218;doc14;2014-06-16 10:27:39
1213;12310;webcollagerestNULL;2014-06-16 20:47:59
1213;12478;doc14;2014-06-18 18:32:25
1213;12757;doc8412;2014-06-20 07:36:40
3619;3655;docNULL;2014-05-23 21:10:15
3619;3672;docNULL;2014-05-23 21:32:23
3619;5019;doc2563;2014-05-26 11:35:34
1358;1359;doc2016;2014-05-20 11:01:01
2811;2812;doc2016;2014-05-22 21:10:20
2811;2849;docNULL;2014-05-22 21:49:51
13463;13464;doc2016;2014-09-02 20:46:25
6425;6426;doc2016;2014-05-28 11:39:43
5022;5023;doc2016;2014-05-26 11:44:52
1125;1126;doc2016;2014-05-19 17:31:05
1125;2457;docNULL;2014-05-21 23:48:12
1125;3665;doc4726;2014-05-23 21:24:55
1125;6516;doc2563;2014-05-28 16:02:44
13323;13324;doc2016;2014-07-11 19:55:41
13323;13326;docNULL;2014-07-11 21:11:27
13323;13330;docNULL;2014-07-11 21:23:17
13323;13334;docNULL;2014-07-12 15:17:52
13323;13338;doc49187;2014-07-12 16:26:40
13323;13343;docNULL;2014-07-14 16:45:11
13323;13392;doc8412;2014-07-21 15:17:49
2181;2182;doc2016;2014-05-21 18:58:43
2181;2184;docNULL;2014-05-21 19:04:14
2122;2123;doc2016;2014-05-21 18:06:18
2187;2188;doc2016;2014-05-21 19:05:00
2187;2193;docNULL;2014-05-21 19:13:10
2187;2355;docNULL;2014-05-21 22:23:31
2187;8046;doc2563;2014-06-01 09:50:25
3338;3339;doc2016;2014-05-23 14:23:44
3338;3347;docNULL;2014-05-23 14:27:17
3338;3374;docNULL;2014-05-23 15:03:24
3338;5175;doc2563;2014-05-26 16:28:43
3338;7300;doc15704;2014-05-30 10:16:23
3338;7312;docNULL;2014-05-30 10:23:37
1798;1799;doc2016;2014-05-20 22:51:37
1798;3844;docNULL;2014-05-24 01:19:00
1798;3850;docNULL;2014-05-24 01:31:18
1798;4036;docNULL;2014-05-24 13:42:14
1798;4049;imageNULL;2014-05-24 14:39:38
1798;5717;doc2563;2014-05-27 11:20:32
1798;5755;doc2563;2014-05-27 12:58:04
1798;6342;doc15704;2014-05-28 08:41:25
1798;6724;docNULL;2014-05-28 21:18:06
1798;9965;doc49187;2014-06-06 23:36:11
1798;10358;docNULL;2014-06-08 18:06:05
3173;3176;docNULL;2014-05-23 11:07:14
3173;3218;docNULL;2014-05-23 11:50:06
3173;4434;doc2563;2014-05-25 11:02:31
3173;6336;doc15704;2014-05-28 08:36:09
3173;7757;docNULL;2014-05-31 11:18:14
3173;8647;doc49187;2014-06-02 18:59:47
3173;8994;docNULL;2014-06-03 20:24:45
3173;13279;doc49187;2014-07-07 10:43:14
3173;13397;docNULL;2014-07-21 18:43:39
3173;13434;doc8412;2014-07-24 16:21:10
4605;4608;doc2016;2014-05-25 18:06:27
4605;4624;docNULL;2014-05-25 18:27:14
4605;7742;doc15704;2014-05-31 11:04:58
4605;7752;docNULL;2014-05-31 11:13:51
4605;9795;doc49187;2014-06-06 13:23:01
4605;10139;docNULL;2014-06-07 19:38:02
12446;12447;doc2016;2014-06-18 14:09:45
12446;12449;docNULL;2014-06-18 14:12:08
12446;12452;docNULL;2014-06-18 14:20:04
1916;1917;doc2016;2014-05-21 09:54:55
1916;3181;docNULL;2014-05-23 11:09:21
2073;7401;docNULL;2014-05-30 16:17:24
2073;7409;docNULL;2014-05-30 16:36:11
2073;10839;doc2563;2014-06-10 19:17:42
2073;11999;docNULL;2014-06-15 13:56:23
2073;12019;docNULL;2014-06-15 14:46:55
2073;12086;doc14;2014-06-15 18:00:28
2073;12164;docNULL;2014-06-15 20:15:42
2073;12710;docNULL;2014-06-19 22:13:10
2073;12786;docNULL;2014-06-20 10:47:50
2073;12832;doc49187;2014-06-20 20:24:00
2273;2274;doc2016;2014-05-21 20:49:16
2215;2216;doc2016;2014-05-21 19:47:24
2215;2228;docNULL;2014-05-21 20:10:59
2215;2265;docNULL;2014-05-21 20:38:53
2215;8871;doc2563;2014-06-03 16:55:15
2215;8902;doc15704;2014-06-03 18:02:31
2215;8907;docNULL;2014-06-03 18:07:23
13485;13486;doc2016;2014-09-26 16:58:59
9808;9809;doc2016;2014-06-06 15:14:54
4179;4180;doc2016;2014-05-24 19:49:34
4179;7568;docNULL;2014-05-30 21:36:21
4179;7630;docNULL;2014-05-30 22:37:33
1180;1187;docNULL;2014-05-19 19:12:06
1180;7375;doc2563;2014-05-30 15:07:44
1180;7379;doc15704;2014-05-30 15:31:38
1180;7384;docNULL;2014-05-30 15:42:13
1180;9614;doc14;2014-06-05 21:27:30
1180;9653;doc49187;2014-06-05 22:35:19
1180;9839;doc14;2014-06-06 16:13:42
1180;9861;doc14;2014-06-06 17:01:01
1180;11776;doc14;2014-06-14 05:50:08
1180;11780;doc14;2014-06-14 06:18:03
1180;11784;doc14;2014-06-14 06:21:01
12331;12332;doc2016;2014-06-17 10:11:40
2025;2026;doc2016;2014-05-21 15:16:46
2025;2030;docNULL;2014-05-21 15:18:43
2025;2615;docNULL;2014-05-22 13:40:59
2755;2756;doc2016;2014-05-22 19:42:39
2755;2761;docNULL;2014-05-22 19:45:25
2755;2764;docNULL;2014-05-22 19:55:08
1519;1520;doc2016;2014-05-20 16:42:58
1519;1873;doc2016;2014-05-21 05:05:08
1519;1880;docNULL;2014-05-21 05:52:59
1519;5761;doc2563;2014-05-27 13:08:25
1519;7611;doc15704;2014-05-30 22:06:33
1519;7781;doc15704;2014-05-31 13:59:42
1519;7784;docNULL;2014-05-31 14:06:47
1519;7943;docNULL;2014-05-31 21:53:47
1519;9601;docNULL;2014-06-05 21:06:35
1519;10238;docNULL;2014-06-08 09:31:26
1519;11695;doc49187;2014-06-13 21:32:06
2021;2022;doc2016;2014-05-21 15:13:51
2021;2060;doc4726;2014-05-21 15:45:15
2021;7324;doc15704;2014-05-30 10:52:50
2021;7328;docNULL;2014-05-30 10:58:26
2021;7335;doc4726;2014-05-30 11:12:40
2021;7421;docNULL;2014-05-30 17:23:49
2021;8689;doc49187;2014-06-02 20:22:37
2021;10117;docNULL;2014-06-07 17:54:26
2021;13057;doc10100;2014-06-24 07:13:13
13660;13661;doc2016;2016-09-28 13:35:38
2102;2103;doc2016;2014-05-21 17:26:08
2102;3496;docNULL;2014-05-23 17:45:16
2102;3530;docNULL;2014-05-23 18:55:42
2102;3679;docNULL;2014-05-23 21:37:19
2102;7026;doc2563;2014-05-29 18:50:59
2102;7209;doc2563;2014-05-30 00:43:00
2102;7485;doc2563;2014-05-30 19:38:44
2102;7515;doc15704;2014-05-30 20:23:03
2102;7586;docNULL;2014-05-30 21:43:51
2102;11968;doc49187;2014-06-15 10:41:55
2102;12211;docNULL;2014-06-15 23:47:21
2102;13456;docNULL;2014-08-24 17:01:07
13453;13454;doc2016;2014-08-14 12:25:37
8582;8583;doc2016;2014-06-02 15:07:48
1510;1513;docNULL;2014-05-20 16:27:42
1510;6421;doc2563;2014-05-28 11:27:38
1510;6440;docNULL;2014-05-28 12:09:12
1510;8807;doc15704;2014-06-03 10:04:27
1743;1744;doc2016;2014-05-20 22:00:02
1743;2010;docNULL;2014-05-21 14:56:10
1743;2767;docNULL;2014-05-22 19:56:45
1743;5391;doc2563;2014-05-26 21:38:12
1743;5426;doc2563;2014-05-26 22:26:23
1743;6102;doc15704;2014-05-27 21:45:11
1743;6106;doc15704;2014-05-27 21:46:42
1743;6630;docNULL;2014-05-28 19:31:12
1743;9498;doc49187;2014-06-05 09:16:23
2439;2440;doc2016;2014-05-21 23:31:42
2439;2445;docNULL;2014-05-21 23:33:09
2439;7172;docNULL;2014-05-29 23:49:53
2439;7197;doc2563;2014-05-30 00:32:45
2439;7215;doc15704;2014-05-30 01:23:27
4083;4084;doc2016;2014-05-24 16:09:26
4083;4086;docNULL;2014-05-24 16:11:44
4083;4090;docNULL;2014-05-24 16:32:00
4083;7449;doc2563;2014-05-30 18:32:22
4083;7469;doc15704;2014-05-30 18:59:49
4083;7565;docNULL;2014-05-30 21:35:59
4083;10132;doc49187;2014-06-07 19:13:22
4083;10147;docNULL;2014-06-07 19:42:20
4083;12960;doc8412;2014-06-22 14:16:32
2731;2732;doc2016;2014-05-22 19:16:24
2731;2734;docNULL;2014-05-22 19:21:09
2731;7032;docNULL;2014-05-29 18:57:58
1162;1163;doc2016;2014-05-19 18:09:35
1162;1171;doc2016;2014-05-19 18:21:54
2623;2624;doc2016;2014-05-22 13:49:36
6810;6811;doc2016;2014-05-28 23:12:00
2431;2432;doc2016;2014-05-21 23:22:24
2431;2435;docNULL;2014-05-21 23:25:33
1206;6285;docNULL;2014-05-27 23:31:37
1206;6305;docNULL;2014-05-28 00:10:09
1206;8679;docNULL;2014-06-02 20:08:05
1206;8799;doc2563;2014-06-03 02:01:13
1206;9731;doc49187;2014-06-06 02:25:27
1206;9735;doc14;2014-06-06 03:14:28
1206;9975;docNULL;2014-06-07 03:32:01
1206;10490;doc15704;2014-06-09 09:58:37
1206;10495;docNULL;2014-06-09 10:04:37
1206;10893;docNULL;2014-06-10 22:26:40
4242;4281;docNULL;2014-05-24 22:50:30
4242;4676;docNULL;2014-05-25 19:49:01
4242;6235;doc2563;2014-05-27 22:59:51
4242;7134;doc15704;2014-05-29 22:30:50
4242;7927;docNULL;2014-05-31 21:18:48
4242;9917;docNULL;2014-06-06 19:51:02
4242;9939;doc49187;2014-06-06 20:36:41
4242;13299;docNULL;2014-07-08 22:02:04
4242;13307;docNULL;2014-07-09 00:40:29
5037;5038;doc2016;2014-05-26 12:01:23
5037;5040;docNULL;2014-05-26 12:03:34
5037;5748;docNULL;2014-05-27 12:33:48
5037;5751;docNULL;2014-05-27 12:34:34
1972;1973;doc2016;2014-05-21 14:07:53
7175;7176;doc2016;2014-05-29 23:52:04
7175;7178;docNULL;2014-05-29 23:55:39
7175;8564;docNULL;2014-06-02 14:26:37
996;997;doc2016;2014-05-14 12:14:43
5741;11894;doc2563;2014-06-14 20:53:22
5741;11899;doc2563;2014-06-14 20:59:28
3066;3067;doc2016;2014-05-23 07:58:11
3066;3069;docNULL;2014-05-23 08:04:05
3066;3084;docNULL;2014-05-23 08:48:20
3761;3762;doc2016;2014-05-23 23:22:20
3761;3782;docNULL;2014-05-23 23:40:44
3761;4169;docNULL;2014-05-24 19:28:44
3761;5539;doc2563;2014-05-26 23:50:32
3761;6251;doc15704;2014-05-27 23:07:59
3761;6389;docNULL;2014-05-28 10:50:35
3761;7939;docNULL;2014-05-31 21:45:50
3761;9694;doc49187;2014-06-05 23:17:02
3761;9780;docNULL;2014-06-06 11:49:53
3761;11228;doc14;2014-06-12 00:30:43
7153;7154;doc2016;2014-05-29 22:41:42
3737;3738;doc2016;2014-05-23 22:55:26
3737;3744;docNULL;2014-05-23 22:58:16
3737;4321;docNULL;2014-05-25 00:27:10
13501;13502;doc2016;2014-10-10 19:27:25
1896;1897;doc2016;2014-05-21 09:24:44
1896;1900;docNULL;2014-05-21 09:28:15
1896;1904;docNULL;2014-05-21 09:31:37
1896;5074;doc2563;2014-05-26 13:32:27
1896;5098;doc15704;2014-05-26 13:58:25
1896;5105;doc15704;2014-05-26 14:01:41
1896;6354;docNULL;2014-05-28 09:25:19
1896;9237;doc49187;2014-06-04 11:26:55
1896;9241;doc49187;2014-06-04 11:27:56
1896;9273;docNULL;2014-06-04 12:51:36
1896;9529;docNULL;2014-06-05 14:27:59
1896;11683;google_docsNULL;2014-06-13 20:26:37
1896;12239;doc8412;2014-06-16 13:39:23
1896;12635;doc8412;2014-06-19 13:49:00
6135;6136;doc2016;2014-05-27 22:09:35
6135;6138;doc4726;2014-05-27 22:11:58
3733;3923;docNULL;2014-05-24 09:51:55
3733;3929;docNULL;2014-05-24 10:21:55
3733;3967;docNULL;2014-05-24 11:12:18
3733;4528;doc2563;2014-05-25 15:30:14
3733;4531;doc2563;2014-05-25 15:31:29
3733;7685;doc2563;2014-05-31 06:24:41
3733;7914;doc15704;2014-05-31 20:40:37
3733;7958;docNULL;2014-05-31 22:23:16
3733;7972;docNULL;2014-05-31 22:51:37
3733;10310;doc49187;2014-06-08 15:43:52
990;991;doc2016;2014-05-14 12:07:23
4922;4923;doc2016;2014-05-26 08:44:21
4922;4931;docNULL;2014-05-26 08:51:20
4922;4945;docNULL;2014-05-26 09:17:47
4922;10263;doc2563;2014-06-08 12:17:30
1052;1053;doc2016;2014-05-19 15:01:24
2135;2136;doc2016;2014-05-21 18:12:46
2135;2150;doc2016;2014-05-21 18:28:48
4695;4696;doc2016;2014-05-25 20:17:37
4695;8003;docNULL;2014-06-01 00:55:11
4695;8011;docNULL;2014-06-01 01:32:40
4695;8015;doc2563;2014-06-01 02:55:17
4695;8466;doc15704;2014-06-02 00:28:26
4695;10924;docNULL;2014-06-11 00:04:52
1092;1093;doc2016;2014-05-19 16:32:04
1092;1630;docNULL;2014-05-20 19:34:50
1092;3267;docNULL;2014-05-23 12:46:44
1092;7080;doc2563;2014-05-29 20:11:55
1092;7166;doc15704;2014-05-29 23:30:50
1092;7424;docNULL;2014-05-30 17:28:02
1092;13165;doc14;2014-06-27 23:01:52
1092;13196;doc49187;2014-06-30 17:26:47
1092;13208;docNULL;2014-07-01 10:22:16
1092;13356;doc14;2014-07-19 12:21:48
1092;13360;doc14;2014-07-19 12:25:52
1092;13364;doc14;2014-07-19 13:12:19
4925;4926;doc2016;2014-05-26 08:45:25
4925;4928;docNULL;2014-05-26 08:47:44
4925;4980;docNULL;2014-05-26 09:57:00
4925;9226;doc2563;2014-06-04 10:59:08
4925;9756;doc15704;2014-06-06 10:33:39
4925;10774;docNULL;2014-06-10 12:02:53
5277;5278;doc2016;2014-05-26 19:32:30
5277;5306;docNULL;2014-05-26 20:03:16
5277;6052;docNULL;2014-05-27 20:42:11
5277;7150;doc15704;2014-05-29 22:41:24
5277;7292;docNULL;2014-05-30 09:57:57
5277;7413;doc2563;2014-05-30 16:43:20
5277;7715;docNULL;2014-05-31 09:09:02
5277;7723;docNULL;2014-05-31 10:02:29
5277;8833;docNULL;2014-06-03 15:58:43
5277;8850;doc2563;2014-06-03 16:46:03
5277;8889;doc15704;2014-06-03 17:12:41
5277;8899;docNULL;2014-06-03 17:38:11
5277;8911;docNULL;2014-06-03 18:10:42
5277;9245;doc49187;2014-06-04 11:35:35
5277;9751;docNULL;2014-06-06 10:03:46
5277;12438;docNULL;2014-06-18 11:15:57
1058;1059;doc2016;2014-05-19 15:53:10
1058;1072;docNULL;2014-05-19 16:03:43
1058;1081;docNULL;2014-05-19 16:12:15
1058;1978;docNULL;2014-05-21 14:11:03
1058;9219;doc2563;2014-06-04 09:30:57
9223;9224;doc2016;2014-06-04 09:41:19
2752;2753;doc2016;2014-05-22 19:42:22
2752;2758;docNULL;2014-05-22 19:45:05
2752;2791;docNULL;2014-05-22 20:30:20
2752;4075;doc2563;2014-05-24 15:37:58
2752;4448;doc15704;2014-05-25 11:27:36
2752;4708;docNULL;2014-05-25 20:58:06
2752;6071;doc49187;2014-05-27 21:18:11
2752;8233;docNULL;2014-06-01 17:12:20
2752;8285;docNULL;2014-06-01 19:03:14
2752;9056;webcollagerestNULL;2014-06-03 22:03:13
2752;9414;doc14;2014-06-04 21:31:45
2752;10420;doc14;2014-06-08 20:34:07
2752;10502;doc14;2014-06-09 10:33:13
2752;11049;doc14;2014-06-11 19:26:07
2752;11144;openglmNULL;2014-06-11 22:11:28
2752;11703;doc14;2014-06-13 21:47:26
2752;11840;doc8412;2014-06-14 14:33:52
2752;12090;doc14;2014-06-15 18:05:23
1194;1195;doc2016;2014-05-19 20:07:50
1194;1216;doc14;2014-05-19 20:41:03
1194;2297;docNULL;2014-05-21 21:29:14
1194;4295;doc2563;2014-05-24 23:09:25
1194;4854;doc15704;2014-05-26 00:37:48
1194;5062;docNULL;2014-05-26 12:40:40
1194;7114;docNULL;2014-05-29 21:19:16
1194;7986;doc49187;2014-05-31 23:11:14
1194;10521;docNULL;2014-06-09 11:42:03
1194;10645;webcollagerestNULL;2014-06-09 18:59:21
1194;10732;doc49187;2014-06-09 22:38:48
1194;11902;doc14;2014-06-14 21:22:50
1194;12670;doc14;2014-06-19 18:37:45
1194;12686;doc8412;2014-06-19 19:29:59
1197;1198;doc2016;2014-05-19 20:12:12
1197;1209;docNULL;2014-05-19 20:38:09
1197;1323;docNULL;2014-05-20 07:45:30
1197;1334;doc2563;2014-05-20 08:55:54
1197;2652;doc15704;2014-05-22 14:43:24
1197;3642;docNULL;2014-05-23 21:06:59
1197;4213;docNULL;2014-05-24 20:43:03
1197;7438;doc49187;2014-05-30 18:09:29
1197;8035;docNULL;2014-06-01 09:03:20
1197;8558;webcollagerestNULL;2014-06-02 14:26:12
1197;11698;doc14;2014-06-13 21:37:43
1197;11715;doc8412;2014-06-13 22:04:21
3184;3185;doc2016;2014-05-23 11:09:56
3184;3193;docNULL;2014-05-23 11:13:29
3184;3213;docNULL;2014-05-23 11:47:01
3184;3228;docNULL;2014-05-23 12:06:07
3184;5160;doc2563;2014-05-26 15:15:20
3184;7039;doc15704;2014-05-29 19:18:46
3184;7726;docNULL;2014-05-31 10:04:19
3184;7729;docNULL;2014-05-31 10:05:18
3184;7732;docNULL;2014-05-31 10:09:58
3184;7812;docNULL;2014-05-31 15:51:50
3970;3971;doc2016;2014-05-24 11:23:13
3970;3986;doc2016;2014-05-24 11:49:05
3970;4021;doc4726;2014-05-24 12:55:47
3970;4079;docNULL;2014-05-24 16:00:26
1444;1445;doc2016;2014-05-20 14:00:25
1444;1712;docNULL;2014-05-20 21:23:03
1444;1721;docNULL;2014-05-20 21:33:53
1444;1725;docNULL;2014-05-20 21:36:39
1444;6450;doc2563;2014-05-28 12:21:33
5920;5921;doc2016;2014-05-27 17:53:39
1114;1115;doc2016;2014-05-19 17:18:03
1114;1117;docNULL;2014-05-19 17:25:04
1114;1142;docNULL;2014-05-19 17:54:12
1114;4759;doc2563;2014-05-25 22:06:57
1114;5146;doc15704;2014-05-26 14:51:06
1114;6820;docNULL;2014-05-28 23:32:37
4594;4595;doc2016;2014-05-25 17:39:10
4594;4597;docNULL;2014-05-25 17:41:16
4594;4610;docNULL;2014-05-25 18:09:19
4594;8986;doc2563;2014-06-03 20:23:18
1440;1506;doc2016;2014-05-20 16:18:11
1440;2310;docNULL;2014-05-21 21:46:17
1440;5418;doc2563;2014-05-26 22:24:24
1440;5523;doc15704;2014-05-26 23:38:45
1440;6962;docNULL;2014-05-29 16:47:10
1560;1999;docNULL;2014-05-21 14:29:13
1560;3378;docNULL;2014-05-23 15:07:16
1560;6620;doc2563;2014-05-28 19:12:47
1560;7159;docNULL;2014-05-29 22:59:26
1560;7655;doc15704;2014-05-30 23:18:07
1560;7967;docNULL;2014-05-31 22:35:40
1560;8165;doc49187;2014-06-01 15:08:57
1560;9686;docNULL;2014-06-05 23:07:01
1560;10985;webcollagerestNULL;2014-06-11 14:36:06
1560;12949;doc8412;2014-06-22 11:54:39
2169;2170;doc2016;2014-05-21 18:49:50
2169;2178;docNULL;2014-05-21 18:55:54
2169;4508;doc2563;2014-05-25 13:33:50
4205;4206;doc2016;2014-05-24 20:28:05
4205;4210;docNULL;2014-05-24 20:40:12
4205;4253;docNULL;2014-05-24 22:30:18
3524;3569;docNULL;2014-05-23 20:03:25
3524;3713;docNULL;2014-05-23 22:23:40
3524;6113;doc2563;2014-05-27 21:50:30
3524;6827;doc15704;2014-05-29 00:34:15
3524;7508;docNULL;2014-05-30 20:16:43
3524;7624;docNULL;2014-05-30 22:27:56
2502;2503;doc2016;2014-05-22 00:30:14
2502;2679;docNULL;2014-05-22 15:58:08
2502;2907;docNULL;2014-05-22 22:29:03
2502;5923;doc2563;2014-05-27 17:54:43
2502;5931;doc2563;2014-05-27 18:02:52
2502;8731;doc15704;2014-06-02 22:02:01
2502;8763;docNULL;2014-06-02 22:53:21
2502;8939;doc14;2014-06-03 19:11:09
2502;9378;doc49187;2014-06-04 20:16:53
2007;2008;doc2016;2014-05-21 14:55:23
2007;2014;docNULL;2014-05-21 15:00:11
2007;2051;docNULL;2014-05-21 15:37:13
2007;4642;doc2563;2014-05-25 18:40:27
2873;2874;doc2016;2014-05-22 22:07:01
2873;3740;docNULL;2014-05-23 22:56:43
2873;5400;docNULL;2014-05-26 22:02:17
2873;8408;doc2563;2014-06-01 21:54:18
2873;9084;doc15704;2014-06-03 22:35:49
2873;9440;docNULL;2014-06-04 22:29:29
2873;10919;doc49187;2014-06-10 23:39:05
1279;1280;doc2016;2014-05-19 23:28:22
1279;1756;docNULL;2014-05-20 22:09:53
1279;4818;doc15704;2014-05-25 23:56:16
1279;6206;docNULL;2014-05-27 22:48:29
1279;6274;docNULL;2014-05-27 23:24:47
1279;9064;doc2563;2014-06-03 22:07:54
1279;9072;docNULL;2014-06-03 22:15:09
1279;9089;docNULL;2014-06-03 22:43:32
1279;9137;doc49187;2014-06-03 23:35:50
1279;9445;docNULL;2014-06-04 22:35:07
1279;10267;webcollagerestNULL;2014-06-08 12:19:04
1279;12026;doc8412;2014-06-15 15:06:54
1174;1175;doc2016;2014-05-19 18:48:37
2720;2721;doc2016;2014-05-22 18:47:56
2720;2723;docNULL;2014-05-22 18:49:36
2720;2770;docNULL;2014-05-22 19:56:45
2720;5411;doc2563;2014-05-26 22:20:17
2720;8743;doc15704;2014-06-02 22:19:12
2720;8747;doc15704;2014-06-02 22:20:45
2720;8758;docNULL;2014-06-02 22:36:32
2640;2641;doc2016;2014-05-22 14:27:29
2640;2647;doc2016;2014-05-22 14:34:24
2640;2660;docNULL;2014-05-22 14:53:00
999;1000;doc2016;2014-05-14 12:14:48
999;1366;docNULL;2014-05-20 11:41:10
8169;8170;doc2016;2014-06-01 15:10:19
8169;8172;docNULL;2014-06-01 15:13:55
8169;8196;docNULL;2014-06-01 16:01:26
8169;10277;doc2563;2014-06-08 12:43:01
8169;10633;doc15704;2014-06-09 18:55:06
8169;10854;docNULL;2014-06-10 19:48:13
3190;3191;doc2016;2014-05-23 11:11:39
5579;5580;doc2016;2014-05-27 00:02:30
4518;4519;doc2016;2014-05-25 15:23:56
4518;4524;docNULL;2014-05-25 15:28:40
4518;4538;docNULL;2014-05-25 15:40:47
4518;4753;docNULL;2014-05-25 21:51:38
4518;7317;doc2563;2014-05-30 10:47:55
4518;7339;doc15704;2014-05-30 11:32:15
4518;8358;docNULL;2014-06-01 20:54:37
4518;10381;doc49187;2014-06-08 19:32:32
4518;10426;doc14;2014-06-08 20:48:57
4518;12521;doc14;2014-06-18 21:38:00
4518;12526;doc8412;2014-06-18 22:01:35
1276;1277;doc2016;2014-05-19 23:26:08
1276;1613;imageNULL;2014-05-20 19:21:17
1276;2047;doc4726;2014-05-21 15:35:02
1276;4955;google_docsNULL;2014-05-26 09:34:18
1276;6889;docNULL;2014-05-29 13:32:24
1276;8924;doc49187;2014-06-03 18:59:04
1276;9548;docNULL;2014-06-05 18:37:56
1276;11016;imageNULL;2014-06-11 17:23:20
1276;11364;doc10100;2014-06-12 14:59:22
1276;11371;doc10100;2014-06-12 15:25:41
1276;12285;doc14;2014-06-16 18:35:50
1276;12363;doc14;2014-06-17 17:14:36
5143;5144;doc2016;2014-05-26 14:50:55
5143;5149;docNULL;2014-05-26 14:52:00
9194;9195;doc2016;2014-06-04 07:29:58
1177;13612;doc10100;2015-11-11 21:31:15
1177;13624;doc4726;2015-11-13 21:06:51
1177;13628;doc10100;2015-11-17 20:28:47
1177;13632;doc4726;2015-11-17 21:14:04
13473;13474;doc2016;2014-09-17 22:57:39
3057;3058;doc2016;2014-05-23 07:50:57
3057;3060;webcollagerestNULL;2014-05-23 07:54:02
3057;3209;docNULL;2014-05-23 11:41:30
3057;3414;doc2563;2014-05-23 16:14:02
3057;7246;doc2563;2014-05-30 07:48:00
3057;7254;doc2563;2014-05-30 07:55:03
3057;7263;doc15704;2014-05-30 08:24:57
3057;7270;doc2563;2014-05-30 08:28:32
3057;7273;docNULL;2014-05-30 08:38:51
3057;9983;docNULL;2014-06-07 07:55:52
3057;10455;doc49187;2014-06-08 22:15:00
3057;10461;docNULL;2014-06-08 22:38:31
2970;2971;doc2016;2014-05-22 23:21:50
2970;2974;docNULL;2014-05-22 23:26:37
2970;3107;docNULL;2014-05-23 09:03:01
2970;3202;docNULL;2014-05-23 11:27:33
2970;9034;doc15704;2014-06-03 21:37:24
2970;9039;doc2563;2014-06-03 21:42:30
2970;9043;doc2563;2014-06-03 21:44:55
2970;11816;docNULL;2014-06-14 12:41:28
2970;12502;doc49187;2014-06-18 20:19:34
1055;1056;doc2016;2014-05-19 15:52:08
13708;13709;doc2016;2017-03-09 20:00:25
1570;1571;doc2016;2014-05-20 18:04:22
1570;1624;docNULL;2014-05-20 19:25:46
1570;3638;docNULL;2014-05-23 21:03:05
1570;6270;doc2563;2014-05-27 23:24:23
1570;7619;doc15704;2014-05-30 22:20:09
1570;8380;docNULL;2014-06-01 21:18:56
1570;9624;docNULL;2014-06-05 22:03:33
13579;13580;doc2016;2014-11-20 22:14:50
1801;1802;doc2016;2014-05-20 22:54:11
1801;1812;imageNULL;2014-05-20 23:07:17
1801;2086;doc4726;2014-05-21 17:07:57
1801;2099;doc4726;2014-05-21 17:25:07
1801;5221;doc2563;2014-05-26 17:47:35
1801;5447;doc2563;2014-05-26 22:51:08
1801;5489;doc15704;2014-05-26 23:19:58
1801;5494;doc15704;2014-05-26 23:20:37
1801;5504;doc15704;2014-05-26 23:28:00
1801;5737;docNULL;2014-05-27 12:04:21
1801;6933;doc4726;2014-05-29 15:56:54
1801;8345;doc14;2014-06-01 20:37:47
1801;8387;doc49187;2014-06-01 21:19:39
1801;8620;docNULL;2014-06-02 17:48:48
1801;8632;docNULL;2014-06-02 18:35:48
1801;10814;doc14;2014-06-10 17:50:16
1801;10822;docNULL;2014-06-10 18:08:25
1801;10825;doc14;2014-06-10 18:21:44
1801;11482;doc14;2014-06-12 20:56:06
1801;11489;docNULL;2014-06-12 21:00:31
1801;11492;docNULL;2014-06-12 21:04:57
1801;11497;docNULL;2014-06-12 21:13:08
1801;11975;doc14;2014-06-15 12:07:45
1801;11981;docNULL;2014-06-15 12:13:55
1801;11995;doc14;2014-06-15 13:55:37
1801;12014;docNULL;2014-06-15 14:13:41
2126;2129;docNULL;2014-05-21 18:10:27
2126;2714;docNULL;2014-05-22 18:13:05
2126;3366;doc4726;2014-05-23 14:58:52
2126;3370;doc4726;2014-05-23 14:59:37
2126;3977;doc2563;2014-05-24 11:27:25
2126;3982;doc2563;2014-05-24 11:31:10
2126;4744;doc15704;2014-05-25 21:35:40
2126;4748;doc15704;2014-05-25 21:36:42
2126;5853;docNULL;2014-05-27 16:29:15
2126;8099;doc49187;2014-06-01 12:04:54
2126;8104;doc49187;2014-06-01 12:05:44
2126;8145;docNULL;2014-06-01 13:56:52
2126;8160;docNULL;2014-06-01 14:33:15
2126;8878;docNULL;2014-06-03 17:01:10
2126;10335;doc14;2014-06-08 16:28:13
2126;10339;docNULL;2014-06-08 16:29:01
2126;10368;doc4726;2014-06-08 19:05:30
2126;10373;doc4726;2014-06-08 19:07:23
3423;3424;doc2016;2014-05-23 16:16:09
3423;3440;docNULL;2014-05-23 16:27:16
1975;1976;doc2016;2014-05-21 14:09:12
1975;2336;doc2016;2014-05-21 22:12:08
1975;4362;doc2563;2014-05-25 09:18:35
1975;6090;doc15704;2014-05-27 21:29:44
1975;8282;docNULL;2014-06-01 18:56:23
1604;1605;doc2016;2014-05-20 19:05:03
1604;1609;docNULL;2014-05-20 19:15:10
1808;1809;doc2016;2014-05-20 23:06:41
1808;1821;docNULL;2014-05-20 23:10:35
1808;5272;docNULL;2014-05-26 19:27:13
1473;1474;doc2016;2014-05-20 15:35:32
1470;1586;docNULL;2014-05-20 18:28:25
1470;1912;docNULL;2014-05-21 09:44:58
1470;2585;doc2563;2014-05-22 11:03:23
1470;6181;doc15704;2014-05-27 22:29:35
1470;6369;docNULL;2014-05-28 10:29:42
1470;6394;docNULL;2014-05-28 10:50:36
1470;8578;doc49187;2014-06-02 15:07:35
1470;9181;docNULL;2014-06-04 06:50:43
1470;9209;docNULL;2014-06-04 08:31:58
1470;10786;docNULL;2014-06-10 15:26:15
1470;10955;doc49187;2014-06-11 09:41:26
1470;10960;doc8412;2014-06-11 09:46:30
1470;11059;doc49187;2014-06-11 19:37:11
1470;11962;doc8412;2014-06-15 09:08:33
1470;12201;doc8412;2014-06-15 22:54:32
1476;1778;doc4726;2014-05-20 22:37:41
1476;2943;docNULL;2014-05-22 22:57:07
1476;6048;doc2563;2014-05-27 20:38:34
1476;7555;doc15704;2014-05-30 21:25:11
1476;7572;docNULL;2014-05-30 21:38:04
1476;7596;docNULL;2014-05-30 21:52:16
1476;9385;doc49187;2014-06-04 20:29:25
1476;10306;docNULL;2014-06-08 15:22:44
1476;10320;docNULL;2014-06-08 15:53:29
1476;11912;doc4726;2014-06-14 22:27:42
1476;12725;doc4726;2014-06-19 22:57:16
1476;12736;doc4726;2014-06-19 23:09:16
1476;12924;doc8412;2014-06-21 16:40:25
1684;1685;doc2016;2014-05-20 20:29:11
1684;2555;docNULL;2014-05-22 08:21:31
1684;5333;doc2563;2014-05-26 20:32:18
1684;5775;doc15704;2014-05-27 14:54:19
1684;5859;docNULL;2014-05-27 16:43:21
1684;8605;docNULL;2014-06-02 16:19:54
1684;8663;doc49187;2014-06-02 19:42:05
1684;8990;doc14;2014-06-03 20:23:50
1684;9291;docNULL;2014-06-04 15:31:11
1684;11400;doc14;2014-06-12 16:02:13
1684;12619;doc14;2014-06-19 12:08:46
1687;1688;doc2016;2014-05-20 20:32:25
1687;1690;docNULL;2014-05-20 20:36:01
1361;1362;doc2016;2014-05-20 11:21:55
1361;1404;docNULL;2014-05-20 12:23:53
1361;1503;docNULL;2014-05-20 16:16:29
3810;3811;doc2016;2014-05-24 00:05:41
3810;3813;docNULL;2014-05-24 00:10:07
3810;3826;docNULL;2014-05-24 00:37:10
3810;4839;doc2563;2014-05-26 00:08:34
3810;5516;doc15704;2014-05-26 23:32:19
3810;5551;docNULL;2014-05-26 23:52:52
3810;8375;doc4726;2014-06-01 21:14:31
3810;8768;doc49187;2014-06-02 23:01:21
3810;9153;docNULL;2014-06-04 00:08:30
1479;1480;doc2016;2014-05-20 15:38:16
1479;1490;docNULL;2014-05-20 15:55:18
1479;1528;docNULL;2014-05-20 16:48:59
1479;1538;docNULL;2014-05-20 17:13:49
1479;2328;docNULL;2014-05-21 22:03:08
1479;3686;docNULL;2014-05-23 21:47:39
1479;5200;doc2563;2014-05-26 17:17:21
1479;6065;doc15704;2014-05-27 21:12:34
1479;6083;doc2563;2014-05-27 21:21:30
1479;6126;doc2563;2014-05-27 22:03:54
1479;6986;docNULL;2014-05-29 17:31:01
1479;6997;docNULL;2014-05-29 17:45:05
1479;7011;docNULL;2014-05-29 17:59:57
1479;8714;docNULL;2014-06-02 21:15:32
1479;9012;doc49187;2014-06-03 20:53:23
1479;9029;doc49187;2014-06-03 21:27:07
1479;9570;doc15704;2014-06-05 20:10:36
1479;9987;docNULL;2014-06-07 08:21:12
1479;9991;docNULL;2014-06-07 08:26:36
1479;10058;cldNULL;2014-06-07 11:52:25
1479;10606;webcollagerestNULL;2014-06-09 17:18:09
1479;10623;docNULL;2014-06-09 18:12:59
1479;10656;docNULL;2014-06-09 19:10:41
1479;11462;docNULL;2014-06-12 19:53:47
1577;1578;doc2016;2014-05-20 18:16:39
1577;1594;docNULL;2014-05-20 18:37:15
1577;1981;docNULL;2014-05-21 14:11:58
1577;1984;docNULL;2014-05-21 14:13:28
1577;4098;doc2563;2014-05-24 16:39:22
1577;5375;doc15704;2014-05-26 21:13:21
1577;6653;docNULL;2014-05-28 19:39:55
1577;10183;doc49187;2014-06-07 22:38:00
1577;10842;docNULL;2014-06-10 19:21:46
13605;13698;webcollagerestNULL;2017-02-21 11:45:28
13605;13703;webcollagerestNULL;2017-02-21 11:53:25
1764;1765;doc2016;2014-05-20 22:24:18
1764;1782;docNULL;2014-05-20 22:37:59
1764;2219;docNULL;2014-05-21 20:03:18
1764;8383;doc2563;2014-06-01 21:19:28
1764;8402;doc2563;2014-06-01 21:41:48
1764;8778;doc15704;2014-06-02 23:22:38
1764;9411;docNULL;2014-06-04 21:30:39
1764;10594;doc49187;2014-06-09 16:45:23
1764;13105;docNULL;2014-06-25 18:03:12
4445;4452;docNULL;2014-05-25 11:28:39
4445;4476;docNULL;2014-05-25 12:00:16
4445;5769;doc2563;2014-05-27 14:07:57
4445;5878;doc15704;2014-05-27 17:01:46
4445;5901;doc2563;2014-05-27 17:26:20
4445;5942;doc2563;2014-05-27 18:09:44
4445;5948;docNULL;2014-05-27 18:15:17
4445;11616;docNULL;2014-06-13 17:10:09
4445;11641;doc49187;2014-06-13 18:30:28
